brand,model,price,price_GBP,rating,5g,nfc,ir_blst,processor_b,cores,processor_speed,battery,fast_a,fast,ram,memory,screen,refresh_r,ear_cam,front_cam,os,res_rc,res_fc,extnd_memory,extnd_upto,res_width,res_height
oneplus,OnePlus 11 5G,54999,522,89,TRUE,TRUE,FALSE,snapdragon,8,3.2,5000,1,100,12,256,6.7,120,3,1,android,50,16,0,,1440,3216
oneplus,OnePlus Nord CE 2 Lite 5G,19989,190,81,TRUE,FALSE,FALSE,snapdragon,8,2.2,5000,1,33,6,128,6.59,120,3,1,android,64,16,1,1024,1080,2412
samsung,Samsung Galaxy A14 5G,16499,157,75,TRUE,FALSE,FALSE,exynos,8,2.4,5000,1,15,4,64,6.6,90,3,1,android,50,13,1,1024,1080,2408
motorola,Motorola Moto G62 5G,14999,142,81,TRUE,FALSE,FALSE,snapdragon,8,2.2,5000,1,,6,128,6.55,120,3,1,android,50,16,1,1024,1080,2400
realme,Realme 10 Pro Plus,24999,237,82,TRUE,FALSE,FALSE,dimensity,8,2.6,5000,1,67,6,128,6.7,120,3,1,android,108,16,0,,1080,2412
samsung,Samsung Galaxy F23 5G (6GB RAM + 128GB),16999,161,80,TRUE,TRUE,FALSE,snapdragon,8,2.2,5000,1,25,6,128,6.6,120,3,1,android,50,8,1,1024,1080,2408
apple,Apple iPhone 14,65999,627,81,TRUE,TRUE,FALSE,bionic,6,3.22,3279,1,,6,128,6.1,60,2,1,ios,12,12,0,,1170,2532
xiaomi,Xiaomi Redmi Note 12 Pro Plus,29999,285,86,TRUE,FALSE,TRUE,dimensity,8,2.6,4980,1,120,8,256,6.67,120,3,1,android,200,16,0,,1080,2400
nothing,Nothing Phone 1,26749,254,85,TRUE,TRUE,FALSE,snapdragon,8,2.5,4500,1,33,8,128,6.55,120,2,1,android,50,16,0,,1080,2400
oneplus,OnePlus Nord 2T 5G,28999,275,84,TRUE,TRUE,FALSE,dimensity,8,3,4500,1,80,8,128,6.43,90,3,1,android,50,32,0,,1080,2400
realme,Realme 10 Pro,18999,180,82,TRUE,FALSE,FALSE,snapdragon,8,2.2,5000,1,33,6,128,6.72,120,2,1,android,108,16,1,1024,1080,2400
oppo,Oppo A78,18999,180,79,TRUE,TRUE,FALSE,dimensity,8,2.2,5000,1,33,8,128,6.56,90,2,1,android,50,8,1,,720,1612
xiaomi,Xiaomi Redmi Note 12 Pro 5G,24762,235,79,TRUE,FALSE,TRUE,dimensity,8,2.6,5000,1,67,6,128,6.67,120,3,1,android,50,16,0,,1080,2400
vivo,Vivo T1 5G (6GB RAM + 128GB),16990,161,80,TRUE,FALSE,FALSE,snapdragon,8,2.2,5000,1,18,6,128,6.58,120,3,1,android,50,16,1,1024,1080,2408
samsung,Samsung Galaxy S23 Ultra 5G,114990,1092,,TRUE,TRUE,FALSE,snapdragon,8,3.2,5000,1,45,8,256,6.8,120,4,1,android,200,12,0,,1440,3088
apple,Apple iPhone 13,62999,598,79,TRUE,TRUE,FALSE,bionic,6,3.22,3240,1,,4,128,6.1,60,2,1,ios,12,12,0,,1170,2532
vivo,Vivo Y16,9999,95,65,FALSE,FALSE,FALSE,helio,8,2.3,5000,1,10,3,32,6.51,60,2,1,android,13,5,1,,720,1600
oppo,OPPO Reno 9 Pro Plus,45999,437,86,TRUE,TRUE,FALSE,snapdragon,8,3.2,4700,1,80,16,256,6.7,120,3,1,android,50,32,0,,1080,2412
oneplus,OnePlus 10R 5G,32999,313,86,TRUE,TRUE,FALSE,dimensity,8,2.85,5000,1,80,8,128,6.7,120,3,1,android,50,16,0,,1080,2412
vivo,Vivo Y22,14499,138,72,FALSE,FALSE,FALSE,helio,8,2,5000,1,18,4,64,6.55,60,2,1,android,50,8,1,1024,720,1612
oneplus,OnePlus 11R,39999,380,85,TRUE,TRUE,FALSE,snapdragon,8,3.2,5000,1,100,8,128,6.7,120,3,1,android,50,16,0,,1080,2412
vivo,Vivo V25 Pro 5G,35999,342,85,TRUE,FALSE,FALSE,dimensity,8,3,4830,1,66,8,128,6.56,120,3,1,android,64,32,0,,1080,2376
poco,Poco X4 Pro 5G,14999,142,80,TRUE,FALSE,TRUE,snapdragon,8,2.2,5000,1,67,6,64,6.67,120,3,1,android,64,16,1,1024,1080,2400
xiaomi,Xiaomi Redmi Note 12,17859,170,76,TRUE,FALSE,TRUE,snapdragon,8,2,5000,1,33,4,128,6.67,120,3,1,android,48,13,1,1024,1080,2400
vivo,Vivo V26 Pro,42990,408,87,TRUE,TRUE,FALSE,dimensity,8,3.2,4800,1,100,12,256,6.7,120,3,1,android,64,32,0,,1080,2400
samsung,Samsung Galaxy S20 FE 5G,31239,297,88,TRUE,TRUE,FALSE,snapdragon,8,2.84,4500,1,,8,128,6.5,120,3,1,android,12,32,1,,1080,2400
oneplus,OnePlus Nord CE 2 Lite 5G (8GB RAM + 128GB),21995,209,84,TRUE,FALSE,FALSE,snapdragon,8,2.2,5000,1,33,8,128,6.59,120,3,1,android,64,16,1,1024,1080,2412
apple,Apple iPhone 14 Pro Max,129990,1235,76,TRUE,TRUE,FALSE,bionic,6,,4323,1,,6,128,6.7,120,3,1,ios,48,12,0,,1290,2796
vivo,Vivo V25 5G,27999,266,83,TRUE,FALSE,FALSE,dimensity,8,2,4500,1,44,8,128,6.44,90,3,1,android,64,50,1,1024,1080,2408
oneplus,OnePlus 11 Pro,69999,665,,TRUE,TRUE,FALSE,snapdragon,8,3.2,4500,1,100,8,128,6.7,120,3,1,android,50,16,0,,1440,3216
realme,Realme 10 Pro (8GB RAM + 128GB),19999,190,84,TRUE,FALSE,FALSE,snapdragon,8,2.2,5000,1,33,8,128,6.72,120,2,1,android,108,16,1,1024,1080,2400
poco,Poco X5 Pro,20999,199,81,TRUE,TRUE,TRUE,snapdragon,8,2.4,5000,1,67,6,128,6.67,120,3,1,android,108,16,0,,1080,2400
vivo,Vivo V27,27990,266,83,TRUE,FALSE,FALSE,dimensity,8,2.2,4700,1,67,8,256,6.56,120,3,1,android,64,50,1,,1080,2400
apple,Apple iPhone 11,38999,370,73,FALSE,TRUE,FALSE,bionic,6,2.65,3110,0,,4,64,6.1,60,2,1,ios,12,12,0,,828,1792
samsung,Samsung Galaxy M53 5G,23790,226,85,TRUE,FALSE,FALSE,dimensity,8,2.4,5000,1,25,6,128,6.7,120,4,1,android,108,32,1,1024,1080,2400
samsung,Samsung Galaxy S21 FE 5G,39999,380,87,TRUE,TRUE,FALSE,exynos,8,2.9,4500,1,25,8,128,6.4,120,3,1,android,12,32,0,,1080,2340
oppo,Oppo Reno 8T,29990,285,87,TRUE,TRUE,FALSE,snapdragon,8,2.2,5000,1,66,8,256,6.67,120,3,1,android,108,16,1,1024,1080,2400
samsung,Samsung Galaxy S22 Ultra 5G,91999,874,,TRUE,TRUE,FALSE,snapdragon,8,3,5000,1,45,12,256,6.8,120,4,1,android,108,40,0,,1440,3080
xiaomi,Xiaomi Redmi Note 12 Pro Max 5G,32999,313,83,TRUE,FALSE,TRUE,snapdragon,8,2.36,5200,1,210,6,128,6.67,120,4,1,android,108,32,1,512,1080,2460
oppo,OPPO Reno 9 5G,28499,271,83,TRUE,TRUE,FALSE,snapdragon,8,2.4,4500,1,67,8,256,6.7,120,2,1,android,64,32,0,,1080,2412
oneplus,OnePlus Nord CE 3 5G,21999,209,83,TRUE,TRUE,FALSE,snapdragon,8,2.2,5000,1,67,6,128,6.7,120,3,1,android,108,16,1,1024,1080,2412
xiaomi,Xiaomi Redmi Note 11 Pro Plus 5G,19999,190,83,TRUE,FALSE,TRUE,snapdragon,8,2.2,5000,1,67,6,128,6.67,120,3,1,android,108,16,1,1024,1080,2400
motorola,Motorola Edge 20 Fusion 5G,18999,180,87,TRUE,TRUE,FALSE,dimensity,8,2.4,5000,1,30,6,128,6.67,90,3,1,android,108,32,1,1024,1080,2400
realme,Realme 10 Pro Plus (8GB RAM + 256GB),27999,266,85,TRUE,FALSE,FALSE,dimensity,8,2.6,5000,1,67,8,256,6.7,120,3,1,android,108,16,0,,1080,2412
vivo,Vivo Y35,18499,176,80,FALSE,FALSE,FALSE,snapdragon,8,2.4,5000,1,44,8,128,6.58,90,3,1,android,50,16,1,1024,1080,2408
samsung,Samsung Galaxy M33 5G,17478,166,81,TRUE,TRUE,FALSE,exynos,8,2.4,6000,1,25,6,128,6.6,120,4,1,android,50,8,1,1024,1080,2400
xiaomi,Xiaomi Redmi Note 11,11936,113,76,FALSE,FALSE,TRUE,snapdragon,8,2.4,5000,1,33,4,64,6.43,90,4,1,android,50,13,1,512,1080,2400
realme,Realme C33,8950,85,64,FALSE,FALSE,FALSE,unisoc,8,1.8,5000,0,,3,32,6.5,60,2,1,android,50,5,1,1024,720,1600
vivo,Vivo Y16 (4GB RAM + 64GB),12489,119,68,FALSE,FALSE,FALSE,helio,8,2.3,5000,1,10,4,64,6.51,60,2,1,android,13,5,1,,720,1600
samsung,Samsung Galaxy A74 5G,42999,408,,TRUE,TRUE,FALSE,snapdragon,8,2.36,5000,1,33,8,128,6.7,120,4,1,android,108,32,1,1024,1080,2412
samsung,Samsung Galaxy A14 5G (6GB RAM + 128GB),18999,180,79,TRUE,FALSE,FALSE,exynos,8,2.4,5000,1,15,6,128,6.6,90,3,1,android,50,13,1,1024,1080,2408
iqoo,iQOO Neo 7 5G,29999,285,82,TRUE,TRUE,TRUE,dimensity,8,3.1,5000,1,120,8,128,6.78,120,3,1,android,64,16,0,,1080,2400
jio,Jio JioPhone 5G,11990,114,64,TRUE,FALSE,FALSE,snapdragon,8,2.2,5000,1,18,4,32,6.5,90,1,1,android,13,8,1,512,720,1600
motorola,Motorola Moto G82 5G,18999,180,83,TRUE,TRUE,FALSE,snapdragon,8,2.2,5000,1,30,6,128,6.6,120,3,1,android,50,16,1,1024,1080,2400
realme,Realme 10,13999,133,74,FALSE,FALSE,FALSE,helio,8,2.2,5000,1,33,4,64,6.4,90,2,1,android,50,16,1,1024,1080,2400
realme,Realme 9i 5G,14965,142,75,TRUE,FALSE,FALSE,dimensity,8,2.4,5000,1,18,4,64,6.6,90,3,1,android,50,8,1,1024,1080,2408
apple,Apple iPhone 14 Plus,74999,712,82,TRUE,TRUE,FALSE,bionic,6,3.22,4325,1,,6,128,6.7,60,2,1,ios,12,12,0,,1284,2778
xiaomi,Xiaomi Redmi Note 10S,10999,104,78,FALSE,FALSE,TRUE,helio,8,2.05,5000,1,33,6,64,6.43,60,4,1,android,64,13,1,512,1080,2400
samsung,Samsung Galaxy S23 Plus,84990,807,89,TRUE,TRUE,FALSE,snapdragon,8,3.2,4700,1,45,8,256,6.6,120,3,1,android,50,12,0,,1080,2340
motorola,Motorola Moto G32,10499,100,75,FALSE,FALSE,FALSE,snapdragon,8,2.4,5000,1,33,4,64,6.55,90,3,1,android,50,16,1,1024,1080,2400
xiaomi,Xiaomi Redmi Note 13 Pro 5G,17990,171,78,TRUE,TRUE,TRUE,dimensity,8,2,5000,1,67,6,128,6.67,120,3,1,android,108,16,0,,1080,2460
vivo,Vivo S16,29990,285,85,TRUE,TRUE,FALSE,snapdragon,8,3.2,4600,1,66,8,128,6.78,120,3,1,android,64,50,0,,1080,2400
samsung,Samsung Galaxy A23,18499,176,79,FALSE,FALSE,FALSE,snapdragon,8,2.4,5000,1,25,6,128,6.6,60,4,1,android,50,8,1,1024,1080,2408
vivo,Vivo Y22 (6GB RAM + 128GB),16499,157,75,FALSE,FALSE,FALSE,helio,8,2,5000,1,18,6,128,6.55,60,2,1,android,50,8,1,1024,720,1612
poco,Poco M4 Pro 5G (6GB RAM + 128GB),14999,142,81,TRUE,FALSE,TRUE,dimensity,8,2.4,5000,1,33,6,128,6.6,90,2,1,android,50,16,1,1024,1080,2400
vivo,Vivo S16 Pro,35499,337,86,TRUE,TRUE,FALSE,dimensity,8,3.1,4600,1,66,8,256,6.78,120,3,1,android,50,50,0,,1080,2400
oneplus,OnePlus 10 Pro 5G,60999,579,89,TRUE,TRUE,FALSE,snapdragon,8,3,5000,1,80,8,128,6.7,120,3,1,android,50,32,0,,1440,3216
xiaomi,Xiaomi Redmi Note 12 Pro Plus (12GB RAM + 256GB),32999,313,87,TRUE,FALSE,TRUE,dimensity,8,2.6,4980,1,120,12,256,6.67,120,3,1,android,200,16,0,,1080,2400
samsung,Samsung Galaxy F23 5G,15999,152,78,TRUE,TRUE,FALSE,snapdragon,8,2.2,5000,1,25,4,128,6.6,120,3,1,android,50,8,1,1024,1080,2408
oppo,Oppo Find N Fold,99990,950,,TRUE,TRUE,FALSE,snapdragon,8,3.2,5000,1,67,8,256,7.1,120,2,,other,50,,0,,1792,1920
oppo,OPPO A17K,9499,90,62,FALSE,FALSE,FALSE,helio,8,2.3,5000,0,,3,64,6.56,60,1,1,android,8,5,1,1024,720,1612
vivo,Vivo V23 5G (12GB RAM + 256GB),27994,266,86,TRUE,FALSE,FALSE,dimensity,8,2.5,4200,1,44,12,256,6.44,90,3,2,android,64,50,1,,1080,2400
iqoo,iQOO Z6 Lite 5G,13989,133,75,TRUE,FALSE,FALSE,snapdragon,8,2,5000,1,18,4,64,6.58,120,2,1,android,50,8,1,1024,1080,2408
oneplus,OnePlus 10T,44999,427,85,TRUE,TRUE,FALSE,snapdragon,8,3.2,4800,1,150,8,128,6.7,120,3,1,android,50,16,0,,1080,2412
xiaomi,Xiaomi Redmi Note 10T 5G (6GB RAM +128GB),13999,133,79,TRUE,FALSE,TRUE,dimensity,8,2.2,5000,1,18,6,128,6.5,90,3,1,android,48,8,1,1024,1080,2400
gionee,Gionee G13 Pro,6190,59,,FALSE,FALSE,FALSE,tiger,4,2,3500,0,,4,32,6.26,60,2,1,other,13,5,1,,720,1600
apple,Apple iPhone 13 Pro,119900,1139,83,TRUE,TRUE,FALSE,bionic,6,3.22,3095,1,,6,128,6.1,120,3,1,ios,12,12,0,,1170,2532
oppo,OPPO F22 Pro,27660,263,83,TRUE,FALSE,FALSE,snapdragon,8,2.2,4800,1,67,8,128,6.58,120,3,1,android,64,32,1,1024,1080,2400
samsung,Samsung Galaxy A34 5G,24999,237,75,TRUE,TRUE,FALSE,exynos,8,,5000,1,33,6,128,6.5,90,4,1,android,48,13,1,1024,1080,2400
xiaomi,Xiaomi Redmi 10A (4GB RAM + 64GB),8388,80,66,FALSE,FALSE,FALSE,helio,8,2,5000,0,,4,64,6.53,60,1,1,android,13,5,1,512,720,1600
motorola,Motorola Moto G72 4G,15999,152,83,FALSE,TRUE,FALSE,helio,8,2.2,5000,1,33,6,128,6.55,120,3,1,android,108,16,1,,1080,2400
samsung,Samsung Galaxy A14 5G (8GB RAM + 128GB),20999,199,82,TRUE,FALSE,FALSE,exynos,8,2.4,5000,1,15,8,128,6.6,90,3,1,android,50,13,1,1024,1080,2408
realme,Realme 9 5G,13999,133,75,TRUE,FALSE,FALSE,dimensity,8,2.4,5000,1,18,4,64,6.5,90,3,1,android,48,16,1,1024,1080,2400
vivo,Vivo T1 5G (8GB RAM + 128GB),19990,190,83,TRUE,FALSE,FALSE,snapdragon,8,2.2,5000,1,18,8,128,6.58,120,3,1,android,50,16,1,1024,1080,2408
samsung,Samsung Galaxy M13 5G,13999,133,75,TRUE,FALSE,FALSE,dimensity,8,2.2,5000,1,15,6,128,6.5,90,2,1,android,50,5,1,1024,720,1600
motorola,Motorola Edge 30 5G,22999,218,83,TRUE,TRUE,FALSE,snapdragon,8,2.5,4020,1,33,6,128,6.5,144,3,1,android,50,32,0,,1080,2400
samsung,Samsung Galaxy A23 5G,22999,218,79,TRUE,FALSE,FALSE,snapdragon,8,2.2,5000,1,25,6,128,6.6,120,4,1,android,50,8,1,1024,1080,2408
oppo,OPPO K10 5G,16999,161,79,TRUE,FALSE,FALSE,dimensity,8,2.4,5000,1,33,8,128,6.56,90,2,1,android,48,8,1,1024,720,1612
xiaomi,Xiaomi Redmi Note 11 (6GB RAM + 128GB),14290,136,80,FALSE,FALSE,TRUE,snapdragon,8,2.4,5000,1,33,6,128,6.43,90,4,1,android,50,13,1,512,1080,2400
samsung,Samsung Galaxy A73 5G,41999,399,,TRUE,TRUE,FALSE,snapdragon,8,2.4,5000,1,25,8,128,6.7,120,4,1,android,108,32,1,1024,1080,2400
vivo,Vivo Y21 2021,13489,128,69,FALSE,FALSE,FALSE,helio,8,2.3,5000,1,18,4,64,6.51,60,2,1,android,13,8,1,1024,720,1600
oneplus,OnePlus Ace Racing Edition 5G,22990,218,83,TRUE,TRUE,FALSE,dimensity,8,2.85,5000,1,,8,128,6.59,120,3,1,android,64,16,0,,1080,2412
motorola,Motorola Moto G62 (8GB RAM + 128GB),16499,157,84,TRUE,FALSE,FALSE,snapdragon,8,2.2,5000,1,,8,128,6.55,120,3,1,android,50,16,1,1024,1080,2400
vivo,Vivo X90 Pro Plus 5G,73999,703,,TRUE,TRUE,TRUE,snapdragon,8,3.2,4700,1,80,12,256,6.78,120,4,1,android,50.3,32,0,,1440,3200
realme,Realme C33 (4GB RAM + 64GB),9999,95,67,FALSE,FALSE,FALSE,unisoc,8,1.8,5000,0,,4,64,6.5,60,2,1,android,50,5,1,1024,720,1600
realme,Realme 9i,12499,119,75,FALSE,FALSE,FALSE,snapdragon,8,2.4,5000,1,33,4,64,6.6,90,3,1,android,50,16,1,1024,1080,2412
oppo,OPPO A17,12499,119,72,FALSE,FALSE,FALSE,helio,8,2.3,5000,1,,4,64,6.56,60,2,1,android,50,5,1,1024,720,1612
iqoo,iQOO 11 5G,59999,570,88,TRUE,TRUE,FALSE,snapdragon,8,3.2,5000,1,120,8,256,6.78,144,3,1,android,50,16,0,,1440,3200
vivo,Vivo X Fold 5G,106990,1016,,TRUE,TRUE,FALSE,snapdragon,8,3,4600,1,66,12,256,8.03,120,4,1,android,50,16,0,,1916,2160
vivo,Vivo T1 5G,15990,152,78,TRUE,FALSE,FALSE,snapdragon,8,2.2,5000,1,18,4,128,6.58,120,3,1,android,50,16,1,1024,1080,2408
apple,Apple iPhone 14 Pro,119990,1140,75,TRUE,TRUE,FALSE,bionic,6,,3200,1,,6,128,6.1,120,3,1,ios,48,12,0,,1179,2556
xiaomi,Xiaomi Redmi Note 11 Pro Max 5G,19999,190,83,TRUE,FALSE,TRUE,snapdragon,8,2.4,5200,1,33,6,128,6.67,120,4,1,android,108,32,1,512,1080,2400
motorola,Motorola Moto S30 Pro,23990,228,83,TRUE,FALSE,FALSE,snapdragon,8,2.9,4400,1,68,8,128,6.55,144,3,1,android,50,32,0,,1080,2460
realme,Realme 10s,12999,123,80,TRUE,FALSE,FALSE,dimensity,8,2.4,5000,1,33,8,128,6.6,90,2,1,android,50,8,1,1024,1080,2408
oppo,OPPO F19 Pro Plus 5G,19990,190,82,TRUE,FALSE,FALSE,dimensity,8,2.4,4310,1,50,8,128,6.43,60,4,1,android,48,16,1,256,1080,2400
xiaomi,Xiaomi 13 Pro 5G,58990,560,,TRUE,TRUE,TRUE,snapdragon,8,3.2,4820,1,120,8,128,6.73,120,3,1,android,50.3,32,0,,1440,3200
vivo,Vivo V27 Pro,43999,418,87,TRUE,FALSE,FALSE,dimensity,8,3.2,5000,1,120,12,256,6.73,144,3,1,android,108,32,0,,1080,2400
samsung,Samsung Galaxy S22 5G,49999,475,86,TRUE,TRUE,FALSE,snapdragon,8,3,3700,1,25,8,128,6.1,120,3,1,android,50,10,0,,1080,2340
vivo,Vivo T1 44W (6GB RAM + 128GB),15999,152,79,FALSE,FALSE,FALSE,snapdragon,8,2.4,5000,1,44,6,128,6.44,60,3,1,android,50,16,1,1024,1080,2408
oneplus,OnePlus 10R 5G (12GB RAM + 256GB),36999,351,87,TRUE,TRUE,FALSE,dimensity,8,2.85,5000,1,80,12,256,6.7,120,3,1,android,50,16,0,,1080,2412
tecno,Tecno Phantom X2,39999,380,85,TRUE,TRUE,FALSE,dimensity,8,3.05,5160,1,45,8,256,6.8,120,3,1,android,64,32,0,,1080,2400
apple,Apple iPhone 12,51999,494,74,TRUE,TRUE,FALSE,bionic,6,3.1,,0,,4,64,6.1,60,2,1,ios,12,12,0,,1170,2532
xiaomi,Xiaomi Redmi K50i 5G,22999,218,82,TRUE,FALSE,TRUE,dimensity,8,2.85,5080,1,67,6,128,6.6,144,3,1,android,64,16,0,,1080,2460
samsung,Samsung Galaxy A53 5G,31999,304,87,TRUE,TRUE,FALSE,exynos,8,2.4,5000,1,25,6,128,6.5,120,4,1,android,64,32,1,1024,1080,2400
xiaomi,Xiaomi Redmi A1,6171,59,,FALSE,FALSE,FALSE,helio,4,2,5000,1,10,2,32,6.52,60,2,1,android,8,5,1,512,720,1600
oppo,OPPO Reno8 5G,29340,279,83,TRUE,TRUE,FALSE,dimensity,8,3,4500,1,80,8,128,6.43,90,3,1,android,50,32,0,,1080,2400
samsung,Samsung Galaxy M53 5G (8GB RAM + 128GB),25289,240,87,TRUE,FALSE,FALSE,dimensity,8,2.4,5000,1,25,8,128,6.7,120,4,1,android,108,32,1,1024,1080,2400
iqoo,iQOO Z6 Pro 5G,21788,207,78,TRUE,FALSE,FALSE,snapdragon,8,2.4,4700,1,66,6,128,6.44,90,3,1,android,64,16,0,,1080,2404
tesla,Tesla Pi Phone,69999,665,83,TRUE,TRUE,FALSE,,8,,5000,1,120,16,512,6.73,165,3,1,android,50,32,0,,1080,2448
samsung,Samsung Galaxy S23,70990,674,88,TRUE,TRUE,FALSE,snapdragon,8,3.2,3900,1,25,8,128,6.1,120,3,1,android,50,12,0,,1080,2340
motorola,Motorola Edge 30 Pro 5G,34999,332,89,TRUE,TRUE,FALSE,snapdragon,8,3,4800,1,68,8,128,6.7,144,3,1,android,50,60,0,,1080,2400
oneplus,OnePlus Nord 2T (12GB RAM + 256GB),33900,322,85,TRUE,TRUE,FALSE,dimensity,8,3,4500,1,80,12,256,6.43,90,3,1,android,50,32,0,,1080,2400
google,Google Pixel 6A,29999,285,71,TRUE,TRUE,FALSE,google,8,,4410,1,,6,128,6.14,60,2,1,android,12.2,8,0,,1080,2400
infinix,Infinix Note 12 Pro 5G,18999,180,84,TRUE,FALSE,FALSE,dimensity,8,2.4,5000,1,33,8,128,6.7,60,3,1,android,108,16,1,2048,1080,2400
samsung,Samsung Galaxy M33 5G (8GB RAM + 128GB),19499,185,84,TRUE,TRUE,FALSE,exynos,8,2.4,6000,1,25,8,128,6.6,120,4,1,android,50,8,1,1024,1080,2400
vivo,Vivo V23 5G,24994,237,83,TRUE,FALSE,FALSE,dimensity,8,2.5,4200,1,44,8,128,6.44,90,3,2,android,64,50,0,,1080,2400
motorola,Motorola Moto G42,10999,104,78,FALSE,TRUE,FALSE,snapdragon,8,2.4,5000,1,20,4,64,6.47,60,3,1,android,50,16,1,1024,1080,2400
oneplus,OnePlus Nord CE 2 Lite 5G (8GB RAM + 256GB),24999,237,85,TRUE,FALSE,FALSE,snapdragon,8,2.2,5000,1,33,8,256,6.59,120,3,1,android,64,16,1,1024,1080,2412
samsung,Samsung Galaxy A33 5G,25999,247,82,TRUE,TRUE,FALSE,exynos,8,2.4,5000,1,25,6,128,6.4,90,4,1,android,48,13,1,1024,1080,2400
google,Google Pixel 7A,34990,332,69,TRUE,TRUE,FALSE,google,8,,4410,1,,6,128,6.1,90,2,1,android,12.2,8,0,,1080,2400
xiaomi,Xiaomi Redmi 11 Prime 5G,13466,128,74,TRUE,FALSE,TRUE,dimensity,8,2.2,5000,1,18,4,64,6.58,90,2,1,android,50,5,1,512,1080,2408
xiaomi,Xiaomi Redmi Note 10 Lite,9999,95,76,FALSE,FALSE,TRUE,snapdragon,8,2.3,5020,1,18,4,64,6.67,60,4,1,android,48,16,1,512,1080,2400
motorola,Motorola Moto E40,7999,76,71,FALSE,FALSE,FALSE,tiger,8,1.8,5000,0,,4,64,6.5,90,3,1,android,48,8,1,1024,720,1600
nothing,Nothing Phone 1 (8GB RAM + 256GB),28249,268,86,TRUE,TRUE,FALSE,snapdragon,8,2.5,4500,1,33,8,256,6.55,120,2,1,android,50,16,0,,1080,2400
poco,Poco X4 Pro 5G (6GB RAM + 128GB),16499,157,82,TRUE,FALSE,TRUE,snapdragon,8,2.2,5000,1,67,6,128,6.67,120,3,1,android,64,16,1,1024,1080,2400
xiaomi,Xiaomi Redmi Note 11 Pro Plus 5G (8GB RAM + 256GB),22999,218,87,TRUE,FALSE,TRUE,snapdragon,8,2.2,5000,1,67,8,256,6.67,120,3,1,android,108,16,1,1024,1080,2400
apple,Apple iPhone 11 (128GB),46999,446,75,FALSE,TRUE,FALSE,bionic,6,2.65,3110,0,,4,128,6.1,60,2,1,ios,12,12,0,,828,1792
realme,Realme C35 (6GB RAM + 128GB),13999,133,74,FALSE,FALSE,FALSE,tiger,8,1.8,5000,1,18,6,128,6.6,90,3,1,android,50,8,1,1024,1080,2408
oppo,OPPO K10,13490,128,78,FALSE,FALSE,FALSE,snapdragon,8,2.4,5000,1,33,6,128,6.59,90,3,1,android,50,16,1,1024,1080,2412
iqoo,iQOO Neo 6 5G,28999,275,82,TRUE,FALSE,TRUE,snapdragon,8,3.2,4700,1,80,8,128,6.62,120,3,1,android,64,16,0,,1080,2400
iqoo,iQOO Z6 5G,15499,147,78,TRUE,FALSE,FALSE,snapdragon,8,2.2,5000,1,18,4,128,6.58,120,3,1,android,50,16,1,1024,1080,2408
oppo,OPPO Reno 9 Pro 5G,39999,380,86,TRUE,TRUE,FALSE,dimensity,8,2.85,4500,1,67,16,256,6.7,120,2,1,android,50,32,0,,1080,2412
poco,Poco M4 Pro 5G,12999,123,76,TRUE,FALSE,TRUE,dimensity,8,2.4,5000,1,33,4,64,6.6,90,2,1,android,50,16,1,1024,1080,2400
jio,Jio Phone 3,4499,43,,FALSE,FALSE,FALSE,,4,1.4,2800,0,,2,64,5,60,1,1,android,5,2,1,128,720,1280
oneplus,OnePlus Clover,14999,142,69,FALSE,FALSE,FALSE,snapdragon,8,1.8,6000,1,18,4,64,6.52,60,3,1,android,13,8,1,,720,1560
samsung,Samsung Galaxy F04,8499,81,68,FALSE,FALSE,FALSE,helio,8,2.3,5000,1,15,4,64,6.5,60,2,1,android,13,5,1,1024,720,1600
iqoo,iQOO 7,24990,237,83,TRUE,TRUE,FALSE,snapdragon,8,3.2,4400,1,66,8,128,6.62,120,3,1,android,48,16,0,,1080,2400
samsung,Samsung Galaxy M34 5G,16999,161,84,TRUE,TRUE,FALSE,exynos,8,2.4,6000,1,25,6,128,6.5,120,4,1,android,64,32,1,,1080,2400
xiaomi,Xiaomi Redmi 10,9589,91,71,FALSE,FALSE,FALSE,snapdragon,8,2.4,6000,1,18,4,64,6.7,60,2,1,android,50,5,1,512,720,1600
apple,Apple iPhone 12 Mini,40999,389,74,TRUE,TRUE,FALSE,bionic,6,3.1,,0,,4,64,5.4,60,2,1,ios,12,12,0,,1080,2340
xiaomi,Xiaomi Redmi Note 12 (6GB RAM + 128GB),19988,190,79,TRUE,FALSE,TRUE,snapdragon,8,2,5000,1,33,6,128,6.67,120,3,1,android,48,13,1,1024,1080,2400
motorola,Motorola Moto G52,11999,114,75,FALSE,TRUE,FALSE,snapdragon,8,2.4,5000,1,33,4,64,6.6,90,3,1,android,50,16,1,,2460,1080
apple,Apple iPhone 15 Pro Max,142990,1358,79,TRUE,TRUE,FALSE,bionic,,,4352,1,25,8,256,6.68,120,3,1,ios,50,12,0,,1284,2778
oppo,Oppo A98,30990,294,87,TRUE,TRUE,FALSE,snapdragon,8,3,5000,1,67,8,128,6.7,120,2,1,android,108,16,1,1024,1080,2412
infinix,Infinix Zero 5G 2023,19499,185,85,TRUE,FALSE,FALSE,dimensity,8,2.6,5000,1,33,8,256,6.78,120,3,1,android,50,16,1,256,1080,2460
realme,Realme C30,5299,50,,FALSE,FALSE,FALSE,tiger,8,1.82,5000,0,,2,32,6.5,60,1,1,android,8,5,1,1024,720,1600
oppo,OPPO F21 Pro 5G,25969,247,82,TRUE,FALSE,FALSE,snapdragon,8,2.2,4500,1,33,8,128,6.43,60,3,1,android,64,16,1,1024,1080,2400
realme,Realme 11 Pro,28999,275,82,TRUE,FALSE,FALSE,snapdragon,8,3,5000,1,65,6,128,6.4,120,3,1,android,64,32,1,256,1080,2400
oppo,Oppo Find N2 5G,94990,902,,TRUE,TRUE,FALSE,snapdragon,8,3.2,4520,1,67,12,256,7.1,120,3,2,,50,32,0,,1792,1920
realme,Realme 9 4G,14999,142,81,FALSE,FALSE,FALSE,snapdragon,8,2.4,5000,1,33,6,128,6.4,90,3,1,android,108,16,1,256,1080,2400
cola,Cola Phone,14999,142,74,FALSE,FALSE,FALSE,helio,8,2.2,5000,1,33,4,64,6.4,90,2,1,android,50,16,1,1024,1080,2400
apple,Apple iPhone 13 Pro Max,129900,1234,84,TRUE,TRUE,FALSE,bionic,6,3.22,4352,1,,6,128,6.7,120,3,1,ios,12,12,0,,1284,2778
oppo,Oppo Reno 10 Pro Plus,58990,560,88,TRUE,TRUE,FALSE,snapdragon,8,3.2,4700,1,80,12,256,6.73,120,4,1,android,64,32,0,,1080,2412
vivo,Vivo X90 5G,41990,399,88,TRUE,TRUE,TRUE,dimensity,8,3.05,4810,1,120,8,128,6.78,120,3,1,android,50,32,0,,1260,2800
samsung,Samsung Galaxy F13,10999,104,74,FALSE,TRUE,FALSE,exynos,8,2,6000,1,15,4,64,6.6,60,3,1,android,50,8,1,1024,2408,1080
xiaomi,Xiaomi Redmi Note 10S (6GB RAM + 128GB),11999,114,79,FALSE,FALSE,TRUE,helio,8,2.05,5000,1,33,6,128,6.43,60,4,1,android,64,13,1,512,1080,2400
realme,Realme 10 (8GB RAM + 128GB),16999,161,79,FALSE,FALSE,FALSE,helio,8,2.2,5000,1,33,8,128,6.4,90,2,1,android,50,16,1,1024,1080,2400
iqoo,iQOO 9 SE 5G,30990,294,83,TRUE,TRUE,FALSE,snapdragon,8,2.84,4500,1,66,8,128,6.62,120,3,1,android,48,16,0,,1080,2400
infinix,Infinix Hot 20,17999,171,75,TRUE,FALSE,FALSE,dimensity,8,2.4,5000,1,18,4,64,6.6,120,2,1,android,50,8,1,1024,1080,2408
letv,Letv Y1 Pro,5499,52,,FALSE,FALSE,FALSE,tiger,4,2,4000,0,,4,32,6.54,60,2,1,android,8,5,0,,720,1560
xiaomi,Xiaomi Redmi Note 13 Pro Max 5G,20499,195,83,TRUE,FALSE,TRUE,snapdragon,8,2.36,5200,1,67,6,128,6.67,120,4,1,android,108,32,1,512,1080,2460
realme,Realme Narzo 50 Pro 5G,20490,195,81,TRUE,FALSE,FALSE,dimensity,8,2.5,5000,1,33,6,128,6.4,90,3,1,android,48,16,1,256,1080,2400
oppo,OPPO A74 5G,15490,147,77,TRUE,FALSE,FALSE,snapdragon,8,2,5000,1,18,6,128,6.5,90,3,1,android,48,8,1,,1080,2400
apple,Apple iPhone 9,29990,285,61,FALSE,TRUE,FALSE,bionic,6,2.65,2050,1,,3,64,4.7,60,1,1,ios,12,7,0,,750,1334
iqoo,iQOO Z6 Lite (6GB RAM + 128GB),15499,147,79,TRUE,FALSE,FALSE,snapdragon,8,2,5000,1,18,6,128,6.58,120,2,1,android,50,8,1,1024,1080,2408
xiaomi,Xiaomi Redmi Note 11SE,11999,114,80,FALSE,FALSE,TRUE,helio,8,2.05,5000,1,33,6,64,6.43,60,4,1,android,64,13,1,512,1080,2400
realme,Realme Narzo 50,10999,104,74,FALSE,FALSE,FALSE,helio,8,2,5000,1,33,4,64,6.6,120,3,1,android,50,16,1,256,1080,2412
vivo,Vivo Y75 5G,21990,209,82,TRUE,FALSE,FALSE,dimensity,8,2.2,5000,1,18,8,128,6.58,60,3,1,android,50,16,1,,1080,2408
vivo,Vivo V25 (12GB RAM + 256GB),31999,304,85,TRUE,FALSE,FALSE,dimensity,8,2,4500,1,44,12,256,6.44,90,3,1,android,64,50,1,1024,1080,2408
poco,POCO M4 Pro 4G,11999,114,77,FALSE,FALSE,TRUE,helio,8,2.05,5000,1,33,6,64,6.43,90,3,1,android,64,16,1,1024,1080,2400
infinix,Infinix Zero Ultra,36999,351,89,TRUE,FALSE,FALSE,dimensity,8,2.5,4500,1,180,8,256,6.8,120,3,1,android,200,32,1,,1080,2400
tecno,Tecno Spark Go 2023,6999,66,62,FALSE,FALSE,FALSE,helio,4,2,5000,1,10,3,32,6.56,60,2,1,android,13,5,1,256,720,1600
motorola,Motorola Moto X40,39999,380,89,TRUE,TRUE,FALSE,snapdragon,8,3.2,4600,1,125,8,128,6.7,165,3,1,android,50,60,0,,1080,2400
samsung,Samsung Galaxy F24 5G,14999,142,78,TRUE,TRUE,FALSE,snapdragon,8,2.2,5000,1,25,4,128,6.6,120,3,1,android,50,8,1,1024,1080,2408
realme,Realme 10 5G,14499,138,79,TRUE,FALSE,FALSE,dimensity,8,2.2,5000,1,33,8,128,6.6,90,3,1,android,50,8,1,1024,1080,2408
oneplus,OnePlus Nord 3 5G,27999,266,84,TRUE,TRUE,FALSE,dimensity,8,3.1,4200,1,120,8,128,6.43,90,3,1,android,50,32,0,,1080,2400
motorola,Motorola Moto G82 (8GB RAM + 128GB),20499,195,86,TRUE,TRUE,FALSE,snapdragon,8,2.2,5000,1,30,8,128,6.6,120,3,1,android,50,16,1,1024,1080,2400
ikall,iKall Z19 Pro,8099,77,60,FALSE,FALSE,FALSE,,4,1.6,5000,0,,4,64,6.5,60,1,1,android,13,8,1,128,720,1600
leeco,LeEco S1 Pro,10999,104,65,FALSE,FALSE,FALSE,tiger,4,1.8,5000,1,10,8,128,6.5,60,2,1,android,13,5,0,,720,1600
realme,Realme C2s,3499,33,63,FALSE,FALSE,FALSE,helio,8,2,4000,0,,3,32,6.1,60,2,1,android,13,5,1,128,720,1560
duoqin,Duoqin F22 Pro,9990,95,,FALSE,FALSE,FALSE,helio,8,2,2150,0,,4,64,3.54,60,1,1,android,8,2,1,,640,960
samsung,Samsung Galaxy M54 5G,34999,332,85,TRUE,FALSE,FALSE,snapdragon,8,2.84,6000,1,25,6,128,6.67,90,3,1,android,64,32,1,1024,1080,2412
nokia,Nokia N73 5G,46999,446,,TRUE,FALSE,FALSE,snapdragon,8,3,6000,1,65,12,256,6.9,120,1,1,android,200,32,1,,1400,3200
motorola,Motorola Edge 30 Fusion 5G,39999,380,88,TRUE,TRUE,FALSE,snapdragon,8,2.9,4400,1,68,8,128,6.55,144,3,1,android,50,32,0,,1080,2400
realme,Realme C35,11828,112,70,FALSE,FALSE,FALSE,tiger,8,1.8,5000,1,18,4,64,6.6,60,3,1,android,50,8,1,1024,1080,2408
oppo,OPPO Reno 8 Pro House of Dragon Edition,45999,437,86,TRUE,TRUE,FALSE,dimensity,8,2.85,4500,1,80,12,256,6.7,120,3,1,android,50,32,0,,1080,2412
oneplus,OnePlus Nord CE 3 Lite 5G,18999,180,81,TRUE,FALSE,FALSE,snapdragon,8,2.2,5000,1,33,6,128,6.59,120,3,1,android,50,16,1,1024,1080,2412
poco,Poco X4 Pro 5G (8GB RAM + 128GB),17999,171,84,TRUE,FALSE,TRUE,snapdragon,8,2.2,5000,1,67,8,128,6.67,120,3,1,android,64,16,1,1024,1080,2400
samsung,Samsung Galaxy M04,8499,81,66,FALSE,FALSE,FALSE,helio,8,2.3,5000,1,15,4,64,6.5,60,2,1,android,13,5,1,1024,720,1600
oppo,OPPO A77s,17999,171,76,FALSE,FALSE,FALSE,snapdragon,8,2.4,5000,1,33,8,128,6.56,90,2,1,android,50,8,1,,720,1600
samsung,Samsung Galaxy A13,14450,137,75,FALSE,FALSE,FALSE,,8,2,5000,1,25,4,64,6.6,60,4,1,android,50,8,1,1024,1080,2408
motorola,Motorola Edge 30 Ultra,54999,522,,TRUE,TRUE,FALSE,snapdragon,8,3.2,4610,1,125,8,128,6.67,144,3,1,android,200,60,0,,1080,2400
xiaomi,Xiaomi 13 Ultra 5G,71999,684,,TRUE,TRUE,TRUE,snapdragon,8,3.2,5000,1,120,12,256,6.6,120,4,1,android,108,32,0,,1440,3200
motorola,Motorola Moto G52 (6GB RAM + 128GB),12999,123,79,FALSE,TRUE,FALSE,snapdragon,8,2.4,5000,1,33,6,128,6.6,90,3,1,android,50,16,1,,2460,1080
poco,Poco M4 5G,11499,109,75,TRUE,FALSE,TRUE,dimensity,8,2.2,5000,1,18,4,64,6.58,90,2,1,android,50,8,1,512,1080,2400
nothing,Nothing Phone 1 (12GB RAM + 256GB),35999,342,87,TRUE,TRUE,FALSE,snapdragon,8,2.5,4500,1,33,12,256,6.55,120,2,1,android,50,16,0,,1080,2400
samsung,Samsung Galaxy A54 5G,34999,332,76,TRUE,TRUE,FALSE,exynos,8,,5000,1,25,6,128,6.4,120,3,1,android,50,32,1,1024,1080,2400
tecno,Tecno Pova 4,11999,114,73,FALSE,FALSE,FALSE,helio,8,2.2,6000,1,18,8,128,6.82,90,2,1,android,50,8,1,512,720,1600
xiaomi,Xiaomi Redmi Note 12 Pro (8GB RAM + 256GB),27994,266,82,TRUE,FALSE,TRUE,dimensity,8,2.6,5000,1,67,8,256,6.67,120,3,1,android,50,16,0,,1080,2400
apple,Apple iPhone 14 Pro Max (256GB),139990,1330,77,TRUE,TRUE,FALSE,bionic,6,,4323,1,,6,256,6.7,120,3,1,ios,48,12,0,,1290,2796
vivo,Vivo V25 Pro (12GB RAM + 256GB),39999,380,86,TRUE,FALSE,FALSE,dimensity,8,3,4830,1,66,12,256,6.56,120,3,1,android,64,32,0,,1080,2376
realme,Realme 9 5G (6GB RAM + 128GB),15499,147,79,TRUE,FALSE,FALSE,dimensity,8,2.4,5000,1,18,6,128,6.5,90,3,1,android,48,16,1,1024,1080,2400
realme,Realme 9 Pro 5G,18999,180,80,TRUE,FALSE,FALSE,snapdragon,8,2.2,5000,1,33,6,128,6.6,120,3,1,android,64,16,1,256,1080,2412
lava,Lava Blaze 5G,10999,104,73,TRUE,FALSE,FALSE,dimensity,8,2.2,5000,0,,4,128,6.5,90,3,1,android,50,8,1,1024,1600,720
honor,Honor X9a,27999,266,81,TRUE,TRUE,TRUE,snapdragon,8,2.2,5100,1,40,8,256,6.67,120,3,1,android,64,16,0,,1080,2400
google,Google Pixel 7 Pro 5G,81999,779,,TRUE,TRUE,FALSE,google,8,2.85,5000,1,30,12,128,6.7,120,3,1,android,50,10.8,0,,1440,3120
tecno,Tecno Pova 3,9999,95,74,FALSE,FALSE,FALSE,helio,8,2,7000,1,33,4,64,6.95,90,3,1,android,50,8,1,256,1080,2460
vivo,Vivo V23 Pro 5G,31994,304,85,TRUE,FALSE,FALSE,dimensity,8,3,4300,1,44,8,128,6.56,90,3,2,android,108,50,0,,1080,2376
samsung,Samsung Galaxy A04e,9299,88,65,FALSE,FALSE,FALSE,helio,8,2.3,5000,0,,3,32,6.5,60,2,1,android,13,5,1,1024,720,1600
xiaomi,Xiaomi Redmi K60,29990,285,84,TRUE,TRUE,TRUE,snapdragon,8,3.2,5500,1,67,8,128,6.67,120,3,1,android,64,16,0,,1440,3200
realme,Realme 9 Pro Plus 5G,25900,246,78,TRUE,FALSE,FALSE,dimensity,8,2.5,4500,1,60,6,128,6.4,90,3,1,android,50,16,0,,1080,2400
realme,Realme 9i 5G (6GB RAM + 128GB),16999,161,78,TRUE,FALSE,FALSE,dimensity,8,2.4,5000,1,18,6,128,6.6,90,3,1,android,50,8,1,1024,1080,2408
motorola,Motorola Edge 30 5G (8GB RAM + 128GB),24999,237,85,TRUE,TRUE,FALSE,snapdragon,8,2.5,4020,1,33,8,128,6.5,144,3,1,android,50,32,0,,1080,2400
xiaomi,Xiaomi Redmi Note 11 (6GB RAM + 64GB),12188,116,79,FALSE,FALSE,TRUE,snapdragon,8,2.4,5000,1,33,6,64,6.43,90,4,1,android,50,13,1,512,1080,2400
vivo,Vivo Y02,8999,85,,FALSE,FALSE,FALSE,helio,8,,5000,1,10,3,32,6.51,60,1,1,android,8,5,1,1024,720,1600
poco,POCO C31 (4GB RAM + 64GB),7499,71,68,FALSE,FALSE,FALSE,helio,8,2.3,5000,0,,4,64,6.53,60,3,1,android,13,5,1,512,720,1600
realme,Realme Narzo 50 5G,17999,171,79,TRUE,FALSE,FALSE,dimensity,8,2.4,5000,1,33,6,128,6.6,90,3,1,android,48,16,1,1024,1080,2400
realme,Realme GT Neo 3T,24999,237,79,TRUE,FALSE,FALSE,snapdragon,8,3.2,5000,1,80,6,128,6.62,120,3,1,android,64,16,0,,1080,2400
oppo,OPPO Reno 8 Pro 5G,45999,437,86,TRUE,TRUE,FALSE,dimensity,8,2.85,4500,1,80,12,256,6.7,120,3,1,android,50,32,0,,1080,2412
oneplus,OnePlus 10 Pro 5G (12GB RAM + 256GB),65499,622,,TRUE,TRUE,FALSE,snapdragon,8,3,5000,1,80,12,256,6.7,120,3,1,android,50,32,0,,1440,3216
iqoo,iQOO 11 Pro 5G,58990,560,89,TRUE,TRUE,TRUE,snapdragon,8,3.2,4700,1,200,8,256,6.78,144,3,1,android,50,16,0,,1440,3200
vivo,Vivo T1x 4G,11999,114,74,FALSE,FALSE,FALSE,snapdragon,8,2.4,5000,1,18,4,64,6.58,90,2,1,android,50,8,1,,1080,2408
xiaomi,Xiaomi Redmi 10 Power,11999,114,77,FALSE,FALSE,TRUE,snapdragon,8,2.4,6000,1,18,8,128,6.7,60,2,1,android,50,5,1,,720,1650
oppo,OPPO A58,18990,180,76,TRUE,FALSE,FALSE,dimensity,8,2.2,5000,1,33,6,128,6.56,90,2,1,android,50,8,1,1024,720,1612
vivo,Vivo T1 44W,14499,138,77,FALSE,FALSE,FALSE,snapdragon,8,2.4,5000,1,44,4,128,6.44,60,3,1,android,50,16,1,1024,1080,2408
xiaomi,Xiaomi Mix Fold 2 5G,106990,1016,,TRUE,TRUE,TRUE,snapdragon,8,3.2,4500,1,67,12,256,8.02,120,3,1,android,50,20,0,,1914,2160
vivo,Vivo Y16 (3GB RAM + 64GB),10499,100,66,FALSE,FALSE,FALSE,helio,8,2.3,5000,1,10,3,64,6.51,60,2,1,android,13,5,1,,720,1600
oppo,OPPO Reno 8 Z,26990,256,86,TRUE,TRUE,FALSE,snapdragon,8,2.2,4500,1,33,8,256,6.43,60,3,1,android,64,16,1,1024,1080,2400
vivo,Vivo Y75 4G,19990,190,82,FALSE,FALSE,FALSE,helio,8,2.05,4050,1,44,8,128,6.44,60,3,1,android,50,44,1,1024,1080,2400
xiaomi,Xiaomi Redmi Note 12 Explorer,24999,237,89,TRUE,TRUE,TRUE,dimensity,8,2.6,4300,1,120,8,256,6.67,120,3,1,android,200,16,1,512,1080,2400
oppo,OPPO A57 4G (4GB RAM + 64 GB),13969,133,69,FALSE,FALSE,FALSE,helio,8,2.3,5000,1,33,4,64,6.56,60,2,1,android,13,8,1,,720,1612
samsung,Samsung Galaxy A75 5G,44999,427,83,TRUE,TRUE,FALSE,snapdragon,8,,5000,1,67,8,128,6.7,120,4,1,android,108,32,1,1024,1080,2412
vivo,Vivo T1 Pro 5G (8GB RAM + 128GB),24999,237,84,TRUE,FALSE,FALSE,snapdragon,8,2.4,4700,1,66,8,128,6.44,90,3,1,android,64,16,1,1024,1080,2404
google,Google Pixel 7 5G,53100,504,86,TRUE,TRUE,FALSE,google,8,2.85,4355,1,30,8,128,6.3,90,2,1,android,50,10.8,0,,1080,2400
xiaomi,Xiaomi Redmi Note 11T 5G (6GB RAM + 128GB),16999,161,81,TRUE,FALSE,TRUE,dimensity,8,2.4,5000,1,33,6,128,6.6,90,2,1,android,50,16,1,1024,1080,2400
oppo,OPPO F21s Pro 4G,21899,208,82,FALSE,FALSE,FALSE,snapdragon,8,2.4,4500,1,33,8,128,6.43,90,3,1,android,64,32,1,512,1080,2400
apple,Apple iPhone 14 (256GB),75999,722,82,TRUE,TRUE,FALSE,bionic,6,3.22,3279,1,,6,256,6.1,60,2,1,ios,12,12,0,,1170,2532
motorola,Motorola Moto G73,25999,247,85,TRUE,TRUE,FALSE,dimensity,8,2.2,5000,1,30,8,256,6.5,120,2,1,android,50,16,1,,1080,2400
nubia,Nubia Red Magic 8 Pro 5G,46990,446,84,TRUE,TRUE,FALSE,snapdragon,8,3.2,6000,1,80,8,128,6.8,120,3,1,android,50,16,0,,1116,2480
motorola,Motorola Moto G31,9999,95,75,FALSE,FALSE,FALSE,helio,8,2,5000,1,20,4,64,6.47,60,3,1,android,50,13,1,1024,1080,2400
tecno,Tecno Phantom X2 Pro,49999,475,89,TRUE,TRUE,FALSE,dimensity,8,3.05,5160,1,45,12,256,6.8,120,3,1,android,50,32,0,,1080,2400
infinix,Infinix Zero 20,17999,171,87,FALSE,TRUE,FALSE,helio,8,2.2,4500,1,45,8,128,6.7,90,3,1,android,108,60,1,2048,1080,2400
iqoo,iQOO Z6 5G (6GB RAM + 128GB),16940,161,80,TRUE,FALSE,FALSE,snapdragon,8,2.2,5000,1,18,6,128,6.58,120,3,1,android,50,16,1,1024,1080,2408
xiaomi,Xiaomi Redmi Note 11 Pro 5G,17990,171,81,TRUE,FALSE,TRUE,snapdragon,8,2.2,5000,1,67,6,64,6.67,120,3,1,android,108,16,1,,1080,2400
oppo,OPPO A1 Pro,20990,199,84,TRUE,TRUE,FALSE,snapdragon,8,2.2,4800,1,67,8,128,6.7,120,2,1,android,108,16,1,1024,1080,2412
samsung,Samsung Galaxy S22 FE 5G,51999,494,79,TRUE,TRUE,FALSE,exynos,8,,4200,1,33,8,128,6.4,120,3,1,android,12,32,0,,1080,2400
samsung,Samsung Galaxy S22 Plus 5G,64449,612,87,TRUE,TRUE,FALSE,snapdragon,8,3,4500,1,45,8,128,6.6,120,3,1,android,50,10,0,,1080,2340
vivo,Vivo U3x,8990,85,71,TRUE,FALSE,FALSE,snapdragon,8,2,5000,1,18,6,64,6.58,90,2,1,android,13,8,0,,1080,2408
motorola,Motorola Moto G23,19999,190,77,FALSE,TRUE,FALSE,helio,8,2,5000,1,30,4,128,6.5,90,3,1,android,50,16,1,512,720,1600
poco,Poco M4 5G (6GB RAM + 128GB),13499,128,79,TRUE,FALSE,TRUE,dimensity,8,2.2,5000,1,18,6,128,6.58,90,2,1,android,50,8,1,512,1080,2400
tecno,Tecno Pova 5G,15499,147,78,TRUE,FALSE,FALSE,dimensity,8,2.4,6000,1,18,8,128,6.9,120,3,1,android,50,16,1,512,1080,2460
poco,POCO C31,6499,62,65,FALSE,FALSE,FALSE,helio,8,2.3,5000,0,,3,32,6.53,60,3,1,android,13,5,1,512,720,1600
apple,Apple iPhone XR2,71999,684,60,FALSE,TRUE,FALSE,bionic,,,3060,1,,4,64,6.1,60,2,1,ios,12,7,0,,828,1792
samsung,Samsung Galaxy A53 (8GB RAM + 256GB),36499,347,89,TRUE,TRUE,FALSE,exynos,8,2.4,5000,1,25,8,256,6.5,120,4,1,android,64,32,1,1024,1080,2400
infinix,Infinix Note 12 5G,15999,152,78,TRUE,FALSE,FALSE,dimensity,8,2.4,5000,1,33,6,64,6.7,60,3,1,android,50,16,1,2048,1080,2400
oppo,OPPO Reno7 Pro 5G,31994,304,87,TRUE,TRUE,FALSE,dimensity,8,3,4500,1,65,12,256,6.55,90,3,1,android,50,32,1,,1080,2400
oneplus,OnePlus Ace 2,34999,332,84,TRUE,TRUE,FALSE,snapdragon,8,3.2,5000,1,100,8,128,6.7,120,3,1,android,50,16,0,,1080,2412
redmi,Redmi Note 11 Pro 2023,18999,180,81,FALSE,FALSE,TRUE,snapdragon,8,2.3,5000,1,67,6,128,6.67,120,4,1,android,108,16,1,1024,1080,2400
nothing,Nothing Phone 2,39990,380,88,TRUE,TRUE,FALSE,snapdragon,8,3.2,4700,1,66,8,128,6.67,120,3,1,android,50,32,0,,1080,2400
samsung,Samsung Galaxy A32 (8GB RAM + 128GB),16499,157,82,FALSE,FALSE,FALSE,helio,8,2,5000,1,15,8,128,6.4,90,4,1,android,64,20,1,1024,1080,2400
google,Google Pixel 6 Pro,54300,516,89,TRUE,TRUE,FALSE,google,8,2.8,5003,1,30,12,128,6.71,120,3,1,android,50,11.1,0,,1440,3120
infinix,Infinix Note 12i (2022),9999,95,73,FALSE,FALSE,FALSE,helio,8,2,5000,1,33,4,64,6.7,60,3,1,android,50,8,1,512,1080,2400
xiaomi,Xiaomi Redmi 11 Prime 5G (6GB RAM + 128GB),15990,152,77,TRUE,FALSE,TRUE,dimensity,8,2.2,5000,1,18,6,128,6.58,90,2,1,android,50,5,1,512,1080,2408
xiaomi,Xiaomi Redmi Note 11 Pro Plus 5G (8GB RAM + 128GB),22700,216,86,TRUE,FALSE,TRUE,snapdragon,8,2.2,5000,1,67,8,128,6.67,120,3,1,android,108,16,1,1024,1080,2400
xiaomi,Xiaomi 12 Pro 5G,50990,484,89,TRUE,TRUE,TRUE,snapdragon,8,3,4600,1,120,8,256,6.73,120,3,1,android,50,32,0,,1440,3200
apple,Apple iPhone 13 Mini,64900,617,79,TRUE,TRUE,FALSE,bionic,6,3.22,2438,1,,4,128,5.4,60,2,1,ios,12,12,0,,1080,2340
tecno,Tecno Pova 3 (6GB RAM + 128GB),13799,131,77,FALSE,FALSE,FALSE,helio,8,2,7000,1,33,6,128,6.9,90,3,1,android,50,8,1,256,1080,2460
realme,Realme C31 (4GB RAM + 64GB),8999,85,65,FALSE,FALSE,FALSE,tiger,8,1.82,5000,0,,4,64,6.52,60,3,1,android,13,5,1,1024,720,1600
asus,Asus ROG Phone 6 Pro 5G,89999,855,88,TRUE,TRUE,FALSE,snapdragon,8,3.2,6000,1,65,18,512,6.78,165,3,1,android,50,12,0,,1080,2448
vivo,Vivo V23e 5G,21994,209,84,TRUE,FALSE,FALSE,dimensity,8,2.4,4050,1,44,8,128,6.44,60,3,1,android,50,44,1,,1080,2400
apple,Apple iPhone 14 Mini,69990,665,70,FALSE,TRUE,FALSE,bionic,,,3500,1,,6,128,5.42,60,2,1,ios,12,12,0,,1080,2340
xiaomi,Xiaomi Redmi Note 10T 5G,12999,123,75,TRUE,FALSE,TRUE,dimensity,8,2.2,5000,1,18,4,64,6.5,90,3,1,android,48,8,1,1024,1080,2400
iqoo,iQOO Neo 7 SE 5G,24990,237,83,TRUE,TRUE,FALSE,dimensity,8,3.1,5000,1,120,8,128,6.78,120,3,1,android,64,16,0,,1080,2400
samsung,Samsung Galaxy A23 (8GB RAM + 128GB),19990,190,82,FALSE,FALSE,FALSE,snapdragon,8,2.4,5000,1,25,8,128,6.6,60,4,1,android,50,8,1,1024,1080,2408
xiaomi,Xiaomi Redmi Note 12 Pro (8GB RAM + 128GB),26999,256,82,TRUE,FALSE,TRUE,dimensity,8,2.6,5000,1,67,8,128,6.67,120,3,1,android,50,16,0,,1080,2400
xiaomi,Xiaomi Redmi Note 12 Turbo,19999,190,81,TRUE,TRUE,TRUE,snapdragon,8,2.4,5000,1,67,8,128,6.67,120,3,1,android,50,16,0,,1080,2400
infinix,Infinix Note 12 Pro,16900,161,83,FALSE,FALSE,FALSE,helio,8,2.2,5000,1,33,8,256,6.7,60,3,1,android,108,16,1,2048,1080,2400
infinix,Infinix Hot 20 (6GB RAM+ 128GB),19999,190,78,TRUE,FALSE,FALSE,dimensity,8,2.4,5000,1,18,6,128,6.6,120,2,1,android,50,8,1,1024,1080,2408
apple,Apple iPhone 14 Pro Max (1TB),182999,1738,78,TRUE,TRUE,FALSE,bionic,6,,4323,1,,6,1024,6.7,120,3,1,ios,48,12,0,,1290,2796
samsung,Samsung Galaxy M13,12999,123,75,FALSE,FALSE,FALSE,exynos,8,2,6000,1,15,6,128,6.6,60,3,1,android,50,8,1,1024,1080,2400
poco,Poco M4 Pro 5G (8GB RAM + 128GB),15999,152,82,TRUE,FALSE,TRUE,dimensity,8,2.4,5000,1,33,8,128,6.6,90,2,1,android,50,16,1,1024,1080,2400
xiaomi,Xiaomi Redmi Note 10S (8GB RAM + 128GB),13999,133,82,FALSE,FALSE,TRUE,helio,8,2.05,5000,1,33,8,128,6.43,60,4,1,android,64,13,1,512,1080,2400
realme,Realme C11 2021 (4GB RAM + 64GB),7749,74,61,FALSE,FALSE,FALSE,sc9863a,8,1.6,5000,0,,4,64,6.52,60,1,1,android,8,5,1,,720,1600
samsung,Samsung Galaxy A23 5G (8GB RAM + 128GB),24999,237,81,TRUE,FALSE,FALSE,snapdragon,8,2.2,5000,1,25,8,128,6.6,120,4,1,android,50,8,1,1024,1080,2408
motorola,Motorola Edge 30 Ultra (12GB RAM + 256GB),59999,570,,TRUE,TRUE,FALSE,snapdragon,8,3.2,4610,1,125,12,256,6.67,144,3,1,android,200,60,0,,1080,2400
oppo,OPPO F21s Pro,25895,246,82,TRUE,FALSE,FALSE,snapdragon,8,2.2,4500,1,33,8,128,6.43,60,3,1,android,64,16,1,512,1080,2400
xiaomi,Xiaomi 13 5G,46990,446,89,TRUE,TRUE,TRUE,snapdragon,8,3.2,4500,1,67,8,128,6.36,120,3,1,android,50,32,0,,1080,2400
xiaomi,Xiaomi Redmi 10A,7499,71,64,FALSE,FALSE,FALSE,helio,8,2,5000,0,,3,32,6.53,60,1,1,android,13,5,1,512,720,1600
vivo,Vivo Y01A,7790,74,60,FALSE,FALSE,FALSE,helio,8,2.3,5000,1,10,2,32,6.51,60,1,1,android,8,5,1,,720,1600
xiaomi,Xiaomi Redmi K50i (8GB RAM + 256GB),25999,247,85,TRUE,FALSE,TRUE,dimensity,8,2.85,5080,1,67,8,256,6.6,144,3,1,android,64,16,0,,1080,2460
realme,Realme C30 (3GB RAM + 32GB),6299,60,60,FALSE,FALSE,FALSE,tiger,8,1.82,5000,0,,3,32,6.5,60,1,1,android,8,5,1,1024,720,1600
motorola,Motorola Moto G51 5G,12999,123,77,TRUE,TRUE,FALSE,snapdragon,8,2.2,5000,0,,4,64,6.8,120,3,1,android,50,13,1,512,1080,2400
xiaomi,Xiaomi Redmi 10 (6GB RAM + 128GB),11999,114,75,FALSE,FALSE,FALSE,snapdragon,8,2.4,6000,1,18,6,128,6.7,60,2,1,android,50,5,1,512,720,1600
xiaomi,Xiaomi Mi 11 Lite NE 5G,21890,208,83,TRUE,TRUE,TRUE,snapdragon,8,2.4,4250,1,33,6,128,6.55,90,3,1,android,64,20,1,,1080,2400
samsung,Samsung Galaxy Z Flip 3,69999,665,84,TRUE,TRUE,FALSE,snapdragon,8,2.84,3300,1,15,8,128,6.7,120,2,1,,12,10,0,,1080,2640
apple,Apple iPhone 12 (128GB),55999,532,75,TRUE,TRUE,FALSE,bionic,6,3.1,,0,,4,128,6.1,60,2,1,ios,12,12,0,,1170,2532
oneplus,OnePlus 10T (16GB RAM + 256GB),55999,532,87,TRUE,TRUE,FALSE,snapdragon,8,3.2,4800,1,150,16,256,6.7,120,3,1,android,50,16,0,,1080,2412
samsung,Samsung Galaxy A13 (4GB RAM + 128GB),14999,142,75,FALSE,FALSE,FALSE,,8,2,5000,1,25,4,128,6.6,60,4,1,android,50,8,1,1024,1080,2408
oppo,OPPO Reno7 5G,25994,247,85,TRUE,TRUE,FALSE,dimensity,8,2,4500,1,65,8,256,6.43,90,3,1,android,64,32,1,1024,1080,2400
oneplus,OnePlus 9RT 5G,42999,408,85,TRUE,TRUE,FALSE,snapdragon,8,2.84,4500,1,,8,128,6.62,120,3,1,android,50,16,0,,1080,2400
samsung,Samsung Galaxy A53 5G (8GB RAM + 128GB),33499,318,89,TRUE,TRUE,FALSE,exynos,8,2.4,5000,1,25,8,128,6.5,120,4,1,android,64,32,1,1024,1080,2400
samsung,Samsung Galaxy S22 Ultra 5G (12GB RAM + 512GB),118999,1130,,TRUE,TRUE,FALSE,snapdragon,8,3,5000,1,45,12,512,6.8,120,4,1,android,108,40,0,,1440,3080
motorola,Motorola Moto G71 5G,16999,161,80,TRUE,TRUE,FALSE,snapdragon,8,2.2,5000,1,33,6,128,6.4,60,3,1,android,50,16,0,,1080,2400
itel,itel S16 Pro,6990,66,,FALSE,FALSE,FALSE,,4,1.3,4000,0,,2,32,6.6,60,3,1,android,8,8,1,32,1600,720
vivo,Vivo Y100,29990,285,82,TRUE,FALSE,FALSE,dimensity,8,2.4,5000,1,66,8,128,6,120,3,2,android,50,50,0,,1080,2400
samsung,Samsung Galaxy M13 5G (4GB RAM + 64GB),12944,123,71,TRUE,FALSE,FALSE,dimensity,8,2.2,5000,1,15,4,64,6.5,90,2,1,android,50,5,1,1024,720,1600
poco,POCO X5 GT,29990,285,84,TRUE,TRUE,TRUE,dimensity,8,3.2,5000,1,80,8,128,6.7,144,3,1,android,64,32,0,,1080,2400
honor,Honor X9 5G,16999,161,80,TRUE,TRUE,FALSE,snapdragon,8,2.2,4800,1,66,8,128,6.81,60,3,1,android,48,16,0,,1080,2388
iqoo,iQOO 11 (16GB RAM + 256GB),64999,617,89,TRUE,TRUE,FALSE,snapdragon,8,3.2,5000,1,120,16,256,6.78,144,3,1,android,50,16,0,,1440,3200
samsung,Samsung Galaxy Z Fold 4,154998,1472,,TRUE,TRUE,FALSE,snapdragon,8,3.2,4400,1,25,12,256,7.6,120,3,2,android,50,10,0,,1812,2176
royole,Royole FlexPai 2,109999,1045,87,TRUE,FALSE,FALSE,snapdragon,8,2.84,4450,0,,8,128,7.8,60,3,1,,64,32,0,,1440,1920
apple,Apple iPhone 14 Plus (256GB),84999,807,83,TRUE,TRUE,FALSE,bionic,6,3.22,4325,1,,6,256,6.7,60,2,1,ios,12,12,0,,1284,2778
samsung,Samsung Galaxy A33 5G (8GB RAM + 128GB),27499,261,85,TRUE,TRUE,FALSE,exynos,8,2.4,5000,1,25,8,128,6.4,90,4,1,android,48,13,1,1024,1080,2400
tecno,Tecno Spark 9,8999,85,69,FALSE,FALSE,FALSE,helio,8,2.3,5000,0,,6,128,6.6,90,2,1,android,13,8,1,256,720,1600
google,Google Pixel 6,40480,385,84,TRUE,TRUE,FALSE,google,8,2.8,4614,1,30,8,128,6.4,90,2,1,android,50,8,0,,1080,2400
xiaomi,Xiaomi Redmi Note 10 Pro (6GB RAM + 128GB),17999,171,81,FALSE,FALSE,TRUE,snapdragon,8,2.3,5020,1,33,6,128,6.67,120,4,1,android,64,16,1,512,1080,2400
samsung,Samsung Galaxy S21 Ultra,105999,1007,,TRUE,TRUE,FALSE,exynos,8,2.9,5000,1,25,12,256,6.8,120,4,1,android,108,40,0,,1440,3200
infinix,Infinix Hot 20 Play,8999,85,67,FALSE,FALSE,FALSE,helio,8,2.3,6000,1,18,4,64,6.82,90,2,1,android,13,8,1,256,720,1640
vivo,Vivo T1x (6GB RAM + 128GB),14999,142,77,FALSE,FALSE,FALSE,snapdragon,8,2.4,5000,1,18,6,128,6.58,90,2,1,android,50,8,1,,1080,2408
oppo,OPPO F23 Pro,19990,190,82,TRUE,FALSE,FALSE,snapdragon,8,2.2,4500,1,33,8,128,6.5,90,3,1,android,64,32,1,256,1080,2400
iqoo,iQOO Z6 Pro 5G (8GB RAM + 128GB),23399,222,80,TRUE,FALSE,FALSE,snapdragon,8,2.4,4700,1,66,8,128,6.44,90,3,1,android,64,16,0,,1080,2404
samsung,Samsung Galaxy A73 5G (8GB RAM + 256GB),41990,399,,TRUE,TRUE,FALSE,snapdragon,8,2.4,5000,1,25,8,256,6.7,120,4,1,android,108,32,1,1024,1080,2400
realme,Realme 9 5G SE (8GB RAM + 128GB),22998,218,82,TRUE,FALSE,FALSE,snapdragon,8,2.4,5000,1,30,8,128,6.6,144,3,1,android,48,16,1,1024,1080,2412
poco,Poco F4 5G,25999,247,82,TRUE,TRUE,FALSE,snapdragon,8,3.2,4500,1,67,6,128,6.67,120,3,1,android,64,20,0,,1080,2400
infinix,Infinix Note 12,11700,111,74,FALSE,FALSE,FALSE,helio,8,2,5000,1,33,4,64,6.7,60,3,1,android,50,16,1,512,2400,1080
samsung,Samsung Galaxy A03 Core,6499,62,,FALSE,FALSE,FALSE,unisoc,4,1.6,5000,0,,2,32,6.5,60,1,1,android,8,5,1,1024,720,1600
motorola,Motorola Moto G60,15999,152,84,FALSE,TRUE,FALSE,snapdragon,8,2.3,6000,1,20,6,128,6.78,120,3,1,android,108,32,1,1024,1080,2460
oneplus,OnePlus 9 Pro,64800,616,89,TRUE,TRUE,FALSE,snapdragon,8,2.84,4500,1,65,8,128,6.7,120,4,1,android,48,16,0,,1440,3216
xiaomi,Xiaomi Redmi Note 11S,14590,139,80,FALSE,FALSE,TRUE,helio,8,2.05,5000,1,33,6,64,6.43,90,4,1,android,108,16,1,512,1080,2400
xiaomi,Xiaomi Redmi 9 Activ,7499,71,68,FALSE,FALSE,FALSE,helio,8,2.3,5000,0,,4,64,6.53,60,2,1,android,13,5,1,512,720,1600
tecno,Tecno Camon 19 Pro 5G,21999,209,82,TRUE,TRUE,FALSE,dimensity,8,2.4,5000,1,33,8,128,6.8,120,3,1,android,64,16,0,,1080,2460
samsung,Samsung Galaxy A04,11999,114,71,FALSE,FALSE,FALSE,helio,8,2.3,5000,1,,4,64,6.5,60,2,1,android,50,5,1,1024,720,1600
poco,POCO M4 Pro 4G (6GB RAM + 128GB),12999,123,79,FALSE,FALSE,TRUE,helio,8,2.05,5000,1,33,6,128,6.43,90,3,1,android,64,16,1,1024,1080,2400
oneplus,OnePlus Nord N20 5G,20990,199,81,TRUE,TRUE,FALSE,snapdragon,8,2.2,4500,1,33,6,128,6.43,60,3,1,android,64,16,1,,1080,2400
apple,Apple iPhone 13 (256GB),72999,693,79,TRUE,TRUE,FALSE,bionic,6,3.22,3240,1,,4,256,6.1,60,2,1,ios,12,12,0,,1170,2532
oppo,Oppo Find X6 Pro,77990,741,,TRUE,TRUE,FALSE,snapdragon,8,3.2,4700,1,120,12,256,6.78,120,3,1,android,50,32,0,,1080,2400
vivo,Vivo X90 Pro 5G,56999,541,,TRUE,TRUE,TRUE,dimensity,8,3.05,4870,1,120,8,256,6.78,120,3,1,android,50.3,32,0,,1260,2800
motorola,Motorola Moto G53,21999,209,79,TRUE,TRUE,FALSE,snapdragon,8,2.2,5000,1,10,4,128,6.5,120,2,1,android,50,16,1,1024,720,1600
motorola,Motorola Moto G22,9499,90,75,FALSE,FALSE,FALSE,helio,8,2.3,5000,1,20,4,64,6.53,90,4,1,android,50,16,1,1024,720,1600
xiaomi,Xiaomi Redmi 9i Sport,7499,71,66,FALSE,FALSE,FALSE,helio,8,2,5000,1,10,4,64,6.53,60,1,1,android,13,5,1,512,720,1600
jio,Jio JioPhone Next,4649,44,,FALSE,FALSE,FALSE,snapdragon,4,1.3,3500,0,,2,32,5.45,60,1,1,android,13,8,1,512,720,1440
vivo,Vivo Y93,18000,171,62,FALSE,FALSE,FALSE,helio,8,2,4030,0,,4,32,6.2,60,2,1,android,13,8,1,256,1520,720
xiaomi,Xiaomi Redmi K60 Pro,38999,370,85,TRUE,TRUE,TRUE,snapdragon,8,3.2,5000,1,120,8,128,6.67,120,3,1,android,54,16,0,,1440,3200
realme,Realme C30s,7145,68,,FALSE,FALSE,FALSE,unisoc,8,1.6,5000,1,10,2,32,6.5,60,1,1,android,8,5,1,1024,720,1600
vivo,Vivo Y22s,14990,142,77,FALSE,FALSE,FALSE,snapdragon,8,2.4,5000,1,18,8,128,6.55,90,2,1,android,50,8,1,1024,1612,720
oppo,OPPO A77,15499,147,70,FALSE,FALSE,FALSE,helio,8,2.3,5000,1,33,4,64,6.56,60,2,1,android,50,8,1,,720,1600
xiaomi,Xiaomi Redmi 10A Sport,9999,95,69,FALSE,FALSE,TRUE,helio,8,2,5000,0,,6,128,6.53,60,1,1,android,13,5,1,512,720,1600
poco,Poco F4 (12GB RAM + 256GB),29999,285,86,TRUE,TRUE,FALSE,snapdragon,8,3.2,4500,1,67,12,256,6.67,120,3,1,android,64,20,0,,1080,2400
realme,Realme 9 4G (8GB RAM + 128GB),15999,152,84,FALSE,FALSE,FALSE,snapdragon,8,2.4,5000,1,33,8,128,6.4,90,3,1,android,108,16,1,256,1080,2400
xiaomi,Xiaomi 12T Pro 5G,59990,570,89,TRUE,TRUE,TRUE,snapdragon,8,3.2,5000,1,120,8,128,6.67,120,3,1,android,200,20,0,,1220,2712
iqoo,iQOO 9 5G,34990,332,84,TRUE,FALSE,FALSE,snapdragon,8,2.9,4350,1,120,8,128,6.56,120,3,1,android,48,16,0,,1080,2376
apple,Apple iPhone 12 Mini (128GB),45999,437,75,TRUE,TRUE,FALSE,bionic,6,3.1,,0,,4,128,5.4,60,2,1,ios,12,12,0,,1080,2340
samsung,Samsung Galaxy S24 Ultra,119990,1140,85,TRUE,FALSE,FALSE,snapdragon,8,,5100,1,45,12,256,6.83,144,4,1,android,200,60,0,,1200,2860
oppo,OPPO Find N Flip,89990,855,88,TRUE,TRUE,FALSE,dimensity,8,3.05,4300,1,44,8,128,6.8,120,2,1,,50,32,0,,1200,2400
oneplus,OnePlus 10T (12GB RAM + 256GB),50999,484,87,TRUE,TRUE,FALSE,snapdragon,8,3.2,4800,1,150,12,256,6.7,120,3,1,android,50,16,0,,1080,2412
tecno,Tecno Spark 9 (4GB RAM + 64GB),7999,76,65,FALSE,FALSE,FALSE,helio,8,2.3,5000,0,,4,64,6.6,90,2,1,android,13,8,1,256,720,1600
samsung,Samsung Galaxy S21 FE 5G (8GB RAM + 256GB),43999,418,88,TRUE,TRUE,FALSE,exynos,8,2.9,4500,1,25,8,256,6.4,120,3,1,android,12,32,0,,1080,2340
xiaomi,Xiaomi Redmi Note 11T 5G (8GB RAM + 128GB),18499,176,83,TRUE,FALSE,TRUE,dimensity,8,2.4,5000,1,33,8,128,6.6,90,2,1,android,50,16,1,1024,1080,2400
sony,Sony Xperia Pro-I,134999,1282,,TRUE,TRUE,FALSE,snapdragon,8,2.84,4500,1,30,12,512,6.5,120,3,1,android,12,8,1,1024,1644,3840
vivo,Vivo V21 Pro,32999,313,85,TRUE,FALSE,FALSE,snapdragon,8,2.4,4300,1,33,8,128,6.44,60,4,2,android,64,44,0,,1080,2400
poco,Poco X3,13499,128,80,FALSE,FALSE,TRUE,snapdragon,8,2.3,6000,1,33,6,64,6.67,120,4,1,android,64,20,1,512,1080,2400
samsung,Samsung Galaxy S20 FE,35489,337,86,FALSE,TRUE,FALSE,exynos,8,2.73,4500,1,25,8,128,6.5,120,3,1,android,12,32,1,1024,1080,2400
google,Google Pixel 4,20120,191,78,FALSE,TRUE,FALSE,snapdragon,8,2.8,2800,1,,6,64,5.7,60,2,2,android,16,8,0,,1080,2280
samsung,Samsung Galaxy S10 Plus,42999,408,81,FALSE,TRUE,FALSE,exynos,8,2.7,4100,1,15,8,128,6.4,60,3,2,android,16,10,1,512,1440,3040
realme,Realme 11 Pro Plus,24999,237,78,TRUE,FALSE,FALSE,dimensity,8,2.2,4200,1,66,6,128,6.4,90,3,1,android,50,16,0,,1080,2400
oppo,OPPO F21 Pro 4G,20999,199,82,FALSE,FALSE,FALSE,snapdragon,8,2.4,4500,1,33,8,128,6.5,90,3,1,android,64,32,1,256,1080,2400
realme,Realme GT 2 5G,28994,275,84,TRUE,TRUE,FALSE,snapdragon,8,2.84,5000,1,65,8,128,6.62,120,3,1,android,50,16,0,,1080,2400
samsung,Samsung Galaxy S21,48900,465,88,TRUE,TRUE,FALSE,exynos,8,2.9,4000,1,25,8,128,6.2,120,3,1,android,64,10,0,,1080,2400
samsung,Samsung Galaxy A71,22494,214,86,FALSE,FALSE,FALSE,snapdragon,8,2.2,4500,1,25,8,128,6.7,60,4,1,android,64,32,1,1024,1080,2400
vivo,Vivo Y02s,8990,85,61,FALSE,FALSE,FALSE,helio,8,2.3,5000,1,10,3,32,6.51,60,1,1,android,8,5,1,,720,1600
letv,Letv Y2 Pro,6999,66,,FALSE,FALSE,FALSE,unisoc,8,,4000,0,,4,32,6.5,60,3,1,android,13,8,0,,720,1560
tecno,Tecno Spark 8C (4GB RAM + 64GB),8890,84,63,FALSE,FALSE,FALSE,unisoc,8,2,5000,0,,4,64,6.6,90,2,1,android,13,8,1,256,720,1612
iqoo,iQOO Z6 5G (8GB RAM + 128GB),18498,176,82,TRUE,FALSE,FALSE,snapdragon,8,2.2,5000,1,18,8,128,6.58,120,3,1,android,50,16,1,1024,1080,2408
vivo,Vivo T1 Pro,23999,228,81,TRUE,FALSE,FALSE,snapdragon,8,2.4,4700,1,66,6,128,6.44,90,3,1,android,64,16,1,1024,1080,2404
realme,Realme 9 Pro Plus 5G (8GB RAM + 128GB),22994,218,81,TRUE,FALSE,FALSE,dimensity,8,2.5,4500,1,60,8,128,6.4,90,3,1,android,50,16,0,,1080,2400
samsung,Samsung Galaxy A04s,12990,123,71,FALSE,FALSE,FALSE,exynos,8,2,5000,1,15,4,64,6.5,90,3,1,android,50,5,1,1024,720,1600
realme,Realme 9i (6GB RAM + 128GB),14999,142,78,FALSE,FALSE,FALSE,snapdragon,8,2.4,5000,1,33,6,128,6.6,90,3,1,android,50,16,1,1024,1080,2412
realme,Realme 8 5G (8GB RAM + 128GB),18499,176,80,TRUE,FALSE,FALSE,dimensity,8,2.2,5000,1,18,8,128,6.5,90,3,1,android,48,16,1,1024,1080,2400
oppo,OPPO F19,14990,142,78,FALSE,FALSE,FALSE,snapdragon,8,2,5000,1,33,6,128,6.4,60,3,1,android,48,16,1,256,1080,2400
oppo,OPPO Find N2 Flip,70990,674,88,TRUE,TRUE,FALSE,dimensity,8,3.2,4300,1,44,8,256,6.8,120,2,1,,50,32,0,,1080,2520
samsung,Samsung Galaxy M32 Prime Edition,12120,115,75,FALSE,FALSE,FALSE,helio,8,2,6000,1,15,4,64,6.4,90,4,1,android,64,20,1,1024,1080,2400
oukitel,Oukitel WP19,29990,285,84,FALSE,TRUE,FALSE,helio,8,2,21000,1,33,8,256,6.78,60,3,1,android,64,16,1,,1080,2400
realme,Realme 9 Pro 5G (8GB RAM + 128GB),20999,199,82,TRUE,FALSE,FALSE,snapdragon,8,2.2,5000,1,33,8,128,6.6,120,3,1,android,64,16,1,256,1080,2412
xiaomi,Xiaomi Redmi Note 10 Lite (6GB RAM + 128GB),11999,114,80,FALSE,FALSE,TRUE,snapdragon,8,2.3,5020,1,18,6,128,6.67,60,4,1,android,48,16,1,512,1080,2400
samsung,Samsung Galaxy A13 5G,17990,171,73,TRUE,TRUE,FALSE,dimensity,8,2.2,5000,1,15,4,64,6.5,90,3,1,android,50,5,1,,720,1600
xiaomi,Xiaomi Redmi Note 11 5G,14990,142,77,TRUE,FALSE,TRUE,dimensity,8,2.4,5000,1,33,4,128,6.6,90,2,1,android,50,16,1,512,1080,2400
itel,itel P36,6490,62,,FALSE,FALSE,FALSE,spreadtrum,4,1.3,5000,0,,1,16,6.5,60,2,1,android,8,8,0,,1600,720
realme,Realme GT Neo 5,34999,332,83,TRUE,TRUE,FALSE,snapdragon,8,3.2,4600,1,240,8,128,6.7,120,3,1,android,50,16,0,,1080,2412
apple,Apple iPhone 15 Ultra,149900,1424,79,TRUE,TRUE,FALSE,bionic,8,,4700,1,,8,128,6.73,120,3,1,ios,48,12,0,,1290,2796
poco,Poco C50,6499,62,,FALSE,FALSE,FALSE,helio,4,2,5000,1,10,2,32,6.52,60,2,1,android,8,5,1,512,720,1600
samsung,Samsung Galaxy Note 30 Ultra 5G,104999,997,,TRUE,TRUE,FALSE,snapdragon,8,3.2,4500,1,67,12,256,6.71,120,3,1,android,200,10,1,1024,1440,3214
realme,Realme 9i (4GB RAM + 128GB),13999,133,75,FALSE,FALSE,FALSE,snapdragon,8,2.4,5000,1,33,4,128,6.6,90,3,1,android,50,16,1,1024,1080,2412
xiaomi,Xiaomi Redmi Note 11T 5G,16999,161,79,TRUE,FALSE,TRUE,dimensity,8,2.4,5000,1,33,6,64,6.6,90,2,1,android,50,16,1,1024,1080,2400
vivo,Vivo X80 Pro 5G,79999,760,,TRUE,TRUE,FALSE,snapdragon,8,3,4700,1,80,12,256,6.78,120,4,1,android,50,32,0,,1440,3200
oppo,OPPO Reno 6 Pro 5G,36760,349,87,TRUE,TRUE,FALSE,dimensity,8,3,4500,1,65,12,256,6.55,90,4,1,android,64,32,0,,1080,2400
xiaomi,Xiaomi Mi 11i 5G,23499,223,81,TRUE,FALSE,TRUE,dimensity,8,2.5,5160,1,67,6,128,6.67,120,3,1,android,108,16,1,1024,2400,1080
asus,Asus ROG Phone 7,75990,722,87,TRUE,TRUE,FALSE,snapdragon,8,3.2,6000,1,120,18,256,6.8,165,3,1,android,64,32,0,,1080,2448
oppo,Oppo A77 5G,21990,209,76,TRUE,FALSE,FALSE,snapdragon,8,2.4,5000,1,33,6,128,6.56,90,2,1,android,48,8,1,,720,1600
realme,Realme 9 5G SE,18999,180,80,TRUE,FALSE,FALSE,snapdragon,8,2.4,5000,1,30,6,128,6.6,144,3,1,android,48,16,1,1024,1080,2412
samsung,Samsung Galaxy A03,7249,69,66,FALSE,FALSE,FALSE,unisoc,8,1.6,5000,1,15,3,32,6.5,60,2,1,android,48,5,1,1024,720,1560
oneplus,OnePlus Nord N200,16990,161,75,TRUE,TRUE,FALSE,snapdragon,8,2,5000,1,18,4,64,6.49,90,3,1,android,13,16,1,,1080,2400
xiaomi,Xiaomi Mi 11X,23890,227,80,TRUE,FALSE,TRUE,snapdragon,8,3.2,4520,1,33,6,128,6.67,120,3,1,android,48,20,0,,1080,2400
oppo,OPPO Reno 6,26380,251,83,TRUE,TRUE,FALSE,dimensity,8,2,4300,1,65,8,128,6.43,90,3,1,android,64,32,0,,1080,2400
realme,Realme X50 Pro 5G (12GB RAM + 256GB),27999,266,87,TRUE,TRUE,FALSE,snapdragon,8,2.84,4200,1,65,12,256,6.44,90,4,2,android,64,32,0,,1080,2400
xiaomi,Xiaomi Redmi 10A (6GB RAM + 128GB),10850,103,70,FALSE,FALSE,FALSE,helio,8,2,5000,0,,6,128,6.53,60,1,1,android,13,5,1,512,720,1600
redmi,Redmi Note 12 Pro Speed Edition,19999,190,81,TRUE,TRUE,TRUE,snapdragon,8,2.4,5000,1,67,6,128,6.67,120,3,1,android,108,16,0,,1080,2400
apple,Apple iPhone 14 Pro (256GB),129990,1235,76,TRUE,TRUE,FALSE,bionic,6,,3200,1,,6,256,6.1,120,3,1,ios,48,12,0,,1179,2556
motorola,Motorola Moto G72,19990,190,81,TRUE,TRUE,FALSE,snapdragon,8,2.2,5000,1,33,6,128,6.5,120,3,1,android,108,16,0,,1080,2400
motorola,Motorola Moto X30 Pro,41990,399,,TRUE,TRUE,FALSE,snapdragon,8,3.2,4450,1,125,8,128,6.67,144,3,1,android,200,60,0,,1080,2400
xiaomi,Xiaomi 12S Ultra,69990,665,,TRUE,TRUE,TRUE,snapdragon,8,3.2,4860,1,67,8,256,6.73,120,3,1,android,50,32,0,,1440,3200
honor,Honor 70 5G,39990,380,88,TRUE,TRUE,FALSE,snapdragon,8,2.5,4800,1,66,12,512,6.67,120,3,1,android,54,32,0,,1080,2400
oneplus,OnePlus 10 Pro 5G (12GB RAM + 512GB),74999,712,,TRUE,TRUE,FALSE,snapdragon,8,3,5000,1,80,12,512,6.7,120,3,1,android,50,32,0,,1440,3216
vivo,Vivo V23 Pro 5G (12GB RAM + 256GB),36994,351,87,TRUE,FALSE,FALSE,dimensity,8,3,4300,1,44,12,256,6.56,90,3,2,android,108,50,0,,1080,2376
oppo,OPPO A55 4G (6GB RAM + 128GB),14700,140,76,FALSE,FALSE,FALSE,helio,8,2.3,5000,1,18,6,128,6.51,60,3,1,android,50,16,1,256,720,1600
xiaomi,Xiaomi Mi 11T Pro 5G,34990,332,86,TRUE,TRUE,TRUE,snapdragon,8,2.84,5000,1,120,8,128,6.67,120,3,1,android,108,16,0,,1080,2400
nokia,Nokia X50 5G,34999,332,76,TRUE,FALSE,FALSE,snapdragon,,,6000,1,33,6,64,6.81,60,4,1,android,108,32,1,,1080,2400
xiaomi,Xiaomi Redmi Note 10,13990,133,75,FALSE,FALSE,TRUE,snapdragon,8,2.2,5000,1,33,4,64,6.43,60,4,1,android,48,13,1,512,1080,2400
vertu,Vertu Signature Touch,650000,6175,62,FALSE,TRUE,FALSE,snapdragon,8,1.5,2275,0,,2,64,4.7,60,1,1,android,13,2.1,0,,1080,1920
samsung,Samsung Galaxy M32 Prime Edition (6GB RAM + 128GB),14859,141,79,FALSE,FALSE,FALSE,helio,8,2,6000,1,15,6,128,6.4,90,4,1,android,64,20,1,1024,1080,2400
tecno,Tecno Camon 19 Pro Mondrian Edition,17999,171,84,FALSE,TRUE,FALSE,helio,8,2.05,5000,1,33,8,128,6.8,120,3,1,android,64,32,1,512,1080,2460
poco,Poco F5,34990,332,85,TRUE,TRUE,FALSE,snapdragon,8,3.2,4700,1,67,8,128,6.7,120,3,1,android,64,32,0,,1080,2400
blu,BLU F91 5G,14990,142,85,TRUE,TRUE,FALSE,dimensity,8,2.4,5000,1,,8,128,6.8,60,4,1,android,48,16,1,,1080,2460
oppo,OPPO A16e,8999,85,65,FALSE,FALSE,FALSE,helio,8,2,4230,0,,3,32,6.52,60,1,1,android,13,5,1,1024,720,1600
motorola,Motorola Moto E32,8999,85,71,FALSE,FALSE,FALSE,helio,8,2.3,5000,1,10,4,64,6.5,90,2,1,android,50,8,1,1024,720,1600
xiaomi,Xiaomi Redmi Note 11S (8GB RAM + 128GB),15824,150,84,FALSE,FALSE,TRUE,helio,8,2.05,5000,1,33,8,128,6.43,90,4,1,android,108,16,1,512,1080,2400
apple,Apple iPhone SE 3 2022,43900,417,,TRUE,TRUE,FALSE,bionic,6,3.22,,0,,4,64,4.7,60,1,1,ios,12,7,0,,750,1334
samsung,Samsung Galaxy A52 (8GB RAM + 128GB),22494,214,86,FALSE,FALSE,FALSE,snapdragon,8,2.3,4500,1,25,8,128,6.5,90,4,1,android,64,32,1,1024,1080,2400
poco,Poco X3 Pro,19650,187,82,FALSE,FALSE,TRUE,snapdragon,8,2.96,5160,1,33,6,128,6.67,120,4,1,android,48,20,1,,1080,2400
xiaomi,Xiaomi Redmi 9A,6999,66,61,FALSE,FALSE,FALSE,helio,8,2,5000,0,,2,32,6.53,60,1,1,android,13,5,1,512,720,1600
samsung,Samsung Galaxy A32,16499,157,80,FALSE,FALSE,FALSE,helio,8,2,5000,1,15,6,128,6.4,90,4,1,android,64,20,1,1024,1080,2400
motorola,Motorola Moto G13,15999,152,75,FALSE,TRUE,FALSE,helio,8,2,5000,1,10,4,128,6.5,90,3,1,android,50,8,1,512,720,1600
asus,Asus ROG Phone 6 Batman Edition,72999,693,88,TRUE,TRUE,FALSE,dimensity,8,3.2,6000,1,65,16,256,6.78,165,3,1,android,50,12,0,,1080,2448
xiaomi,Xiaomi Redmi Note 12 Pro Plus (6GB RAM + 128GB),26999,256,84,TRUE,FALSE,TRUE,dimensity,8,2.6,4980,1,120,6,128,6.67,120,3,1,android,200,16,0,,1080,2400
infinix,Infinix Smart 6 HD,6999,66,,FALSE,FALSE,FALSE,helio,4,2,5000,0,,2,32,6.6,60,2,1,android,8,5,1,512,720,1600
apple,Apple iPhone 15 Pro,130990,1244,75,TRUE,TRUE,FALSE,bionic,,,,0,,8,128,6.06,120,3,1,ios,50,12,0,,1170,2532
realme,Realme C35 (4GB RAM + 128GB),12787,121,71,FALSE,FALSE,FALSE,tiger,8,1.8,5000,1,18,4,128,6.6,90,3,1,android,50,8,1,1024,1080,2408
infinix,Infinix Hot 12,9999,95,72,FALSE,FALSE,FALSE,helio,8,2.3,6000,1,18,4,64,6.82,90,3,1,android,50,8,1,512,720,1640
vivo,Vivo X80 5G,54999,522,86,TRUE,FALSE,FALSE,dimensity,8,3.05,4500,1,80,8,128,6.78,120,3,1,android,50,32,0,,1080,2400
vivo,Vivo Y53s,15490,147,79,FALSE,FALSE,FALSE,helio,8,2,5000,1,19,8,128,6.58,60,3,1,android,64,16,1,1024,1080,2408
tecno,Tecno Phantom X,25999,247,84,FALSE,FALSE,FALSE,helio,8,2.05,4700,1,33,8,256,6.7,90,3,2,android,50,48,0,,1080,2340
samsung,Samsung Galaxy M04 (4GB RAM + 128GB),9499,90,68,FALSE,FALSE,FALSE,helio,8,2.3,5000,1,15,4,128,6.5,60,2,1,android,13,5,1,1024,720,1600
redmi,Redmi 12C,7999,76,70,FALSE,FALSE,FALSE,helio,8,2,5000,0,,4,64,6.71,60,2,1,android,50,5,1,512,720,1650
asus,Asus ZenFone 9,63990,608,86,TRUE,TRUE,FALSE,snapdragon,8,3.2,4300,1,30,8,128,5.9,120,2,1,android,50,12,0,,1080,2400
sony,Sony Xperia L5 5G,15990,152,73,FALSE,TRUE,FALSE,helio,8,2.3,4000,1,,4,64,6.2,60,3,1,android,13,8,1,512,720,1680
iqoo,iQOO 9 SE 5G (12GB RAM + 256GB),34949,332,85,TRUE,TRUE,FALSE,snapdragon,8,2.84,4500,1,66,12,256,6.62,120,3,1,android,48,16,0,,1080,2400
tecno,Tecno Spark 8 Pro,8799,84,72,FALSE,FALSE,FALSE,helio,8,2,5000,1,33,4,64,6.8,60,3,1,android,48,8,1,,1080,2460
xiaomi,Xiaomi Redmi 10 Prime,12390,118,74,FALSE,FALSE,TRUE,helio,8,2,6000,1,18,4,64,6.5,90,4,1,android,50,8,1,512,1080,2400
samsung,Samsung Galaxy F22,11499,109,73,FALSE,FALSE,FALSE,helio,8,2,6000,0,,4,64,6.4,90,4,1,android,48,13,1,1024,720,1600
xiaomi,Xiaomi Mi Mix Alpha,199990,1900,,TRUE,FALSE,FALSE,snapdragon,8,2.96,4050,1,40,12,512,7.92,60,3,,android,108,,0,,2088,2250
oppo,OPPO Reno 10 Pro,42990,408,86,TRUE,TRUE,FALSE,dimensity,8,3.05,5000,1,120,16,256,6.73,120,2,1,android,50,32,0,,1080,2412
nubia,Nubia Z50,34999,332,82,TRUE,TRUE,FALSE,snapdragon,8,3.2,5000,1,80,8,128,6.67,144,3,1,android,64,16,0,,1080,2400
samsung,Samsung Galaxy F13 (4GB RAM + 128GB),11999,114,75,FALSE,TRUE,FALSE,exynos,8,2,6000,1,15,4,128,6.6,60,3,1,android,50,8,1,1024,2408,1080
nokia,Nokia G11 Plus,10499,100,70,FALSE,FALSE,FALSE,unisoc,8,1.6,5000,1,10,4,64,6.52,90,2,1,android,50,8,1,512,720,1600
infinix,Infinix Hot 12 Play,8910,85,66,FALSE,FALSE,FALSE,tiger,8,1.82,6000,1,18,4,64,6.82,90,2,1,android,13,8,1,256,1640,720
vivo,Vivo T2 5G,24990,237,85,TRUE,FALSE,FALSE,snapdragon,8,3.2,4700,1,80,8,128,6.62,120,3,1,android,64,16,1,1024,1080,2400
oppo,OPPO Reno7 Z 5G,17999,171,84,TRUE,TRUE,FALSE,snapdragon,8,2.2,4500,1,33,8,128,6.43,60,3,1,android,64,16,1,,1080,2400
xiaomi,Xiaomi Mi 11 Lite NE 5G (8GB RAM + 128GB),22999,218,86,TRUE,TRUE,TRUE,snapdragon,8,2.4,4250,1,33,8,128,6.55,90,3,1,android,64,20,1,,1080,2400
realme,Realme Narzo 50i,6490,62,,FALSE,FALSE,FALSE,unisoc,8,1.6,5000,0,,2,32,6.5,60,1,1,android,8,5,1,256,720,1600
infinix,Infinix Zero X Pro,21990,209,85,TRUE,FALSE,FALSE,helio,8,2.05,4500,1,45,8,128,6.67,120,3,1,android,108,16,1,512,1080,2400
samsung,Samsung Galaxy M32,12364,117,76,FALSE,FALSE,FALSE,helio,8,2,6000,1,15,4,64,6.4,90,4,1,android,64,20,1,1024,1080,2400
samsung,Samsung Galaxy A82 5G,39990,380,86,TRUE,TRUE,FALSE,snapdragon,8,2.96,4500,1,25,6,128,6.71,120,3,1,android,64,10,1,1024,1440,3200
xiaomi,Xiaomi Poco F1,11999,114,77,FALSE,FALSE,FALSE,snapdragon,8,2.8,4000,1,,6,64,6.18,60,2,1,android,12,20,1,256,1080,2246
vivo,Vivo Y25,7499,71,,FALSE,FALSE,FALSE,helio,4,1.3,1900,0,,1,16,4.5,60,1,1,android,5,2,1,128,480,854
lyf,Lyf Earth 1,3990,38,60,FALSE,FALSE,FALSE,snapdragon,8,1.5,3500,0,,3,32,5.5,60,2,1,android,13,5,1,64,1080,1920
motorola,Motorola Moto E13,10499,100,65,FALSE,FALSE,FALSE,tiger,8,2,5000,1,10,2,64,6.5,60,1,1,android,13,5,1,1024,720,1600
tecno,Tecno Pop 6 Pro,6299,60,,FALSE,FALSE,FALSE,helio,4,2,5000,0,,2,32,6.56,60,2,1,android,8,5,1,1024,720,1600
itel,Itel A24 Pro,5990,57,,FALSE,FALSE,FALSE,unisoc,4,1.4,3020,0,,2,32,5,60,1,1,android,2,0.3,1,,854,480
vivo,Vivo X Fold Plus,113990,1083,,TRUE,TRUE,FALSE,snapdragon,8,3.2,4730,1,80,12,256,8.03,120,4,2,android,50,16,0,,1916,2160
huawei,Huawei Mate 50 RS Porsche Design,239999,2280,81,FALSE,TRUE,TRUE,snapdragon,8,3.2,4700,1,66,12,512,6.74,120,3,1,other,50,13,1,256,1212,2616
samsung,Samsung Galaxy F63,21999,209,84,TRUE,TRUE,FALSE,dimensity,8,2,7000,1,33,6,128,6.7,60,4,1,android,64,32,1,1024,1080,2400
iqoo,iQOO Z6 4G (6GB RAM + 128GB),15999,152,80,FALSE,FALSE,FALSE,snapdragon,8,2.4,5000,1,44,6,128,6.44,120,3,1,android,50,16,1,1024,1080,2400
sony,Sony Xperia 5 II,69990,665,86,TRUE,TRUE,FALSE,snapdragon,8,2.84,4000,1,21,8,128,6.1,120,3,1,android,12,8,1,,1080,2520
vivo,Vivo Y3 (4GB RAM + 128GB),12990,123,71,FALSE,FALSE,FALSE,helio,8,2.3,5000,1,,4,128,6.35,60,3,1,android,13,16,1,256,720,1544
sony,Sony Xperia 1 IV (12GB RAM + 512GB),92980,883,,TRUE,TRUE,FALSE,snapdragon,8,3,5000,1,30,12,512,6.5,120,4,1,android,12,12,1,,1644,3840
tecno,Tecno Pova 4 Pro,15999,152,74,FALSE,FALSE,FALSE,helio,8,2.2,6000,1,45,8,256,6.66,90,2,1,android,50,8,1,1024,720,1600
huawei,Huawei Nova 10 SE,23999,228,84,FALSE,TRUE,FALSE,snapdragon,8,2.4,4500,1,66,8,256,6.67,90,3,1,android,108,16,1,,1080,2160
vivo,Vivo T1x (4GB RAM + 128GB),12999,123,75,FALSE,FALSE,FALSE,snapdragon,8,2.4,5000,1,18,4,128,6.58,90,2,1,android,50,8,1,,1080,2408
nubia,Nubia Red Magic 7S Pro,60990,579,86,TRUE,TRUE,FALSE,snapdragon,8,3.2,5000,1,135,12,256,6.8,120,3,1,android,64,8,0,,1080,2400
motorola,Motorola Moto E32s (4GB RAM + 64GB),8859,84,67,FALSE,FALSE,FALSE,helio,8,1.8,5000,1,18,4,64,6.5,90,3,1,android,16,8,1,,720,1600
iqoo,iQOO Neo 6 5G (12GB RAM + 256GB),33749,321,84,TRUE,FALSE,TRUE,snapdragon,8,3.2,4700,1,80,12,256,6.62,120,3,1,android,64,16,0,,1080,2400
samsung,Samsung Galaxy A15,15990,152,63,FALSE,FALSE,FALSE,,8,,5000,1,,6,64,6.5,60,3,1,android,48,8,1,1024,720,1600
poco,POCO X4 GT 5G,24990,237,84,TRUE,TRUE,TRUE,dimensity,8,2.85,5080,1,67,8,128,6.6,144,3,1,android,64,16,0,,1080,2460
realme,Realme Narzo 50 5G (4GB RAM + 128GB),14999,142,76,TRUE,FALSE,FALSE,dimensity,8,2.4,5000,1,33,4,128,6.6,90,3,1,android,48,16,1,1024,1080,2400
vivo,Vivo Y77 5G,17990,171,76,TRUE,FALSE,FALSE,dimensity,8,2.2,4500,1,80,6,128,6.64,120,2,1,android,50,8,1,1024,1080,2388
honor,Honor 60 SE 5G,24990,237,75,TRUE,FALSE,FALSE,dimensity,8,2,4300,1,66,8,128,6.67,120,3,1,android,64,16,0,,1080,2340
xiaomi,Xiaomi Redmi 11 Prime,11600,110,74,FALSE,FALSE,TRUE,helio,8,2.2,5000,1,18,4,64,6.58,90,3,1,android,50,8,1,512,1080,2400
realme,Realme C31,8299,79,62,FALSE,FALSE,FALSE,tiger,8,1.82,5000,0,,3,32,6.52,60,3,1,android,13,5,1,1024,720,1600
motorola,Motorola Moto G31 (6GB RAM+ 128GB),11999,114,78,FALSE,FALSE,FALSE,helio,8,2,5000,1,20,6,128,6.47,60,3,1,android,50,13,1,1024,1080,2400
samsung,Samsung Galaxy Z Flip 4 5G,89999,855,88,TRUE,TRUE,FALSE,snapdragon,8,3.2,3700,1,25,8,128,6.7,120,2,1,,12,10,0,,1080,2640
oneplus,OnePlus 6 (8GB RAM + 128GB),27999,266,77,FALSE,TRUE,FALSE,snapdragon,8,2.8,3300,0,,8,128,6.28,60,2,1,android,20,16,0,,1080,2280
google,Google Pixel 2 XL,15990,152,69,FALSE,TRUE,FALSE,snapdragon,8,2.35,3520,1,,4,128,6,60,1,1,android,12.2,8,0,,1440,2880
xiaomi,Xiaomi Redmi A1 Plus,7289,69,60,FALSE,FALSE,FALSE,helio,4,2,5000,1,10,2,32,6.52,60,2,1,android,8,5,1,512,720,1600
honor,Honor 70 5G (8GB RAM + 256GB),30990,294,86,TRUE,TRUE,FALSE,snapdragon,8,2.5,4800,1,66,8,256,6.67,120,3,1,android,54,32,0,,1080,2400
realme,Realme Narzo 50 (6GB RAM + 128GB),15499,147,77,FALSE,FALSE,FALSE,helio,8,2,5000,1,33,6,128,6.6,120,3,1,android,50,16,1,256,1080,2412
vivo,Vivo Y15s,8499,81,66,FALSE,FALSE,FALSE,helio,8,2.3,5000,0,,3,32,6.51,60,2,1,android,13,8,1,1024,720,1600
samsung,Samsung Galaxy M32 (6GB RAM + 128GB),14490,138,80,FALSE,FALSE,FALSE,helio,8,2,6000,1,15,6,128,6.4,90,4,1,android,64,20,1,1024,1080,2400
samsung,Samsung Galaxy F42 5G,15490,147,80,TRUE,FALSE,FALSE,dimensity,8,2.2,5000,1,15,6,128,6.6,90,3,1,android,64,8,1,1024,1080,2408
realme,Realme Q5 5G,14990,142,78,TRUE,FALSE,FALSE,snapdragon,8,2.2,5000,1,60,6,128,6.6,120,3,1,android,50,16,1,,1080,2412
poco,POCO M3 Pro 5G,15999,152,75,TRUE,FALSE,TRUE,dimensity,8,2.2,5000,1,18,4,64,6.5,90,3,1,android,48,8,1,1024,1080,2400
google,Google Pixel 5,36000,342,82,TRUE,TRUE,FALSE,snapdragon,8,2.4,4080,1,18,8,128,6,90,2,1,android,16,8,0,,1080,2340
oneplus,OnePlus 12 Pro,69999,665,,TRUE,TRUE,FALSE,snapdragon,8,3.2,4800,1,150,12,256,6.73,144,3,1,android,108,32,0,,1440,3412
xiaomi,Xiaomi Redmi Note 12 Discovery Edition,26990,256,86,TRUE,TRUE,TRUE,dimensity,8,2.6,4300,1,210,8,256,6.67,120,3,1,android,200,16,0,,1080,2400
samsung,Samsung Galaxy M13 (4GB RAM + 64GB),10630,101,71,FALSE,FALSE,FALSE,exynos,8,2,6000,1,15,4,64,6.6,60,3,1,android,50,8,1,1024,1080,2400
oppo,Oppo Reno 8 Pro (8GB RAM + 256GB),42990,408,85,TRUE,TRUE,FALSE,dimensity,8,2.85,4500,1,80,8,256,6.7,120,3,1,android,50,32,0,,1080,2412
vivo,Vivo Y78 5G,24990,237,77,TRUE,FALSE,FALSE,dimensity,8,3,4500,1,,8,128,6.58,90,3,1,android,50,16,0,,1080,2400
iqoo,iQOO Z6 4G,14489,138,77,FALSE,FALSE,FALSE,snapdragon,8,2.4,5000,1,44,4,128,6.44,120,3,1,android,50,16,1,1024,1080,2400
oppo,OPPO A76,16490,157,73,FALSE,FALSE,FALSE,snapdragon,8,2.4,5000,1,33,6,128,6.56,90,2,1,android,13,8,1,,720,1612
realme,Realme 9 Pro Plus 5G (8GB RAM + 256GB),24494,233,82,TRUE,FALSE,FALSE,dimensity,8,2.5,4500,1,60,8,256,6.4,90,3,1,android,50,16,0,,1080,2400
vivo,Vivo Y01,7999,76,61,FALSE,FALSE,FALSE,helio,8,2.3,5000,0,,2,32,6.51,60,1,1,android,8,5,1,1024,720,1600
motorola,Motorola Moto Edge S30 5G,23990,228,85,TRUE,FALSE,FALSE,snapdragon,8,2.9,5000,1,33,6,128,6.8,144,3,1,android,108,16,0,,1080,2460
realme,Realme GT 2 Pro 5G,49959,475,89,TRUE,TRUE,FALSE,snapdragon,8,3,5000,1,65,8,128,6.7,120,3,1,android,50,32,0,,1440,3216
apple,Apple iPhone 13 Pro (256GB),129900,1234,83,TRUE,TRUE,FALSE,bionic,6,3.22,3095,1,,6,256,6.1,120,3,1,ios,12,12,0,,1170,2532
vivo,Vivo Y73 2021,19990,190,80,FALSE,FALSE,FALSE,helio,8,2.05,4000,1,33,8,128,6.44,60,3,1,android,64,16,1,,1080,2400
samsung,Samsung Galaxy F14,14990,142,67,FALSE,TRUE,FALSE,,8,,5000,1,25,4,64,6.62,60,3,1,android,50,16,1,1024,2408,1080
vivo,Vivo V20,23269,221,85,FALSE,FALSE,FALSE,snapdragon,8,2.3,4000,1,33,8,128,6.44,60,3,1,android,64,44,1,1024,1080,2400
xiaomi,Xiaomi Redmi Note 9 Pro,13999,133,75,FALSE,FALSE,TRUE,snapdragon,8,2.3,5020,1,18,4,64,6.67,60,4,1,android,48,16,1,512,1080,2400
oneplus,OnePlus 10R Prime Edition,35389,336,85,TRUE,TRUE,FALSE,dimensity,8,2.85,5000,1,80,8,128,6.7,120,3,1,android,50,16,0,,1080,2412
google,Google Pixel 6 Pro (12GB RAM + 256GB),79700,757,,TRUE,TRUE,FALSE,google,8,2.8,5003,1,30,12,256,6.71,120,3,1,android,50,11.1,0,,1440,3120
nokia,Nokia C31,9499,90,62,FALSE,FALSE,FALSE,unisoc,8,1.6,5050,1,10,3,32,6.74,60,3,1,android,13,5,1,256,720,1600
infinix,Infinix Hot 12 Pro (8GB RAM+ 128GB),12340,117,76,FALSE,FALSE,FALSE,tiger,8,2,5000,1,18,8,128,6.6,90,2,1,android,50,8,1,256,720,1612
poco,Poco M5,10799,103,74,FALSE,FALSE,TRUE,helio,8,2.2,5000,1,18,4,64,6.58,90,3,1,android,50,8,1,512,1080,2400
xiaomi,Xiaomi Redmi 10C (4GB RAM + 128GB),14990,142,73,FALSE,FALSE,FALSE,snapdragon,8,2.4,6000,1,18,4,128,6.7,60,2,1,android,50,5,1,512,720,1600
zte,ZTE Axon 40 Ultra 5G,61990,589,89,TRUE,TRUE,FALSE,snapdragon,8,3,5000,1,65,8,128,6.8,120,3,1,android,64,16,0,,1116,2480
xiaomi,Xiaomi 12 Pro 5G (12GB RAM + 256GB),51880,493,,TRUE,TRUE,TRUE,snapdragon,8,3,4600,1,120,12,256,6.73,120,3,1,android,50,32,0,,1440,3200
oppo,OPPO K10 (8GB RAM + 128GB),16990,161,80,FALSE,FALSE,FALSE,snapdragon,8,2.4,5000,1,33,8,128,6.59,90,3,1,android,50,16,1,1024,1080,2412
huawei,Huawei Nova 9 SE,19990,190,84,FALSE,TRUE,FALSE,snapdragon,8,2.4,4000,1,66,8,128,6.78,90,4,1,android,108,16,1,,1080,2388
samsung,Samsung Galaxy S22 5G (8GB RAM + 256GB),57999,551,87,TRUE,TRUE,FALSE,snapdragon,8,3,3700,1,25,8,256,6.1,120,3,1,android,50,10,0,,1080,2340
lenovo,Lenovo Legion Y90,46990,446,87,TRUE,TRUE,FALSE,snapdragon,8,3,5600,1,68,12,256,6.92,144,2,1,android,64,16,0,,1080,2460
vivo,Vivo Y55 5G,20990,199,77,TRUE,TRUE,FALSE,dimensity,8,2.2,5000,1,18,4,128,6.58,60,3,1,android,50,8,1,,1080,2408
nokia,Nokia X100 5G,17990,171,82,TRUE,TRUE,FALSE,snapdragon,8,2,4470,1,18,6,128,6.67,60,4,1,android,48,16,1,1024,1080,2400
realme,Realme 8s 5G (8GB RAM + 128GB),17499,166,82,TRUE,FALSE,FALSE,dimensity,8,2.4,5000,1,33,8,128,6.5,90,3,1,android,64,16,1,1024,1080,2400
realme,Realme 8s 5G,17999,171,80,TRUE,FALSE,FALSE,dimensity,8,2.4,5000,1,33,6,128,6.5,90,3,1,android,64,16,1,1024,1080,2400
nokia,Nokia X60 Pro 5G,49990,475,,TRUE,FALSE,FALSE,snapdragon,8,3.2,6000,1,44,8,128,6.51,144,4,1,android,200,32,1,,1080,2408
poco,Poco X5,14999,142,74,TRUE,FALSE,TRUE,snapdragon,8,2.2,5000,1,33,4,128,6.67,120,3,1,android,48,8,0,,1080,2400
xiaomi,Xiaomi Redmi Note 10 Pro Max (6GB RAM + 128GB),19980,190,82,FALSE,FALSE,TRUE,snapdragon,8,2.3,5020,1,33,6,128,6.67,120,4,1,android,108,16,1,512,1080,2400
iqoo,iQOO 7 (12GB RAM + 256GB),35990,342,85,TRUE,TRUE,FALSE,snapdragon,8,3.2,4400,1,66,12,256,6.62,120,3,1,android,48,16,0,,1080,2400
realme,Realme 8,15999,152,78,FALSE,FALSE,FALSE,helio,8,2,5000,1,30,4,128,6.4,60,4,1,android,64,16,1,256,1080,2400
samsung,Samsung Galaxy S20,41999,399,88,FALSE,TRUE,FALSE,exynos,8,2.73,4000,1,25,8,128,6.2,120,3,1,android,64,10,1,1024,1440,3200
xiaomi,Xiaomi Redmi K60E,25999,247,83,TRUE,TRUE,TRUE,dimensity,8,3.1,5500,1,67,8,128,6.67,120,3,1,android,48,20,0,,1440,3200
motorola,Motorola Moto E32s,7990,76,65,FALSE,FALSE,FALSE,helio,8,1.8,5000,1,18,3,32,6.5,90,3,1,android,16,8,1,1024,720,1600
oneplus,OnePlus Nord 3T 5G,29990,285,84,TRUE,TRUE,FALSE,dimensity,8,3,4500,1,80,8,128,6.43,90,3,1,android,50,32,0,,1080,2400
oppo,OPPO F23 Pro Plus 5G,27990,266,83,TRUE,FALSE,FALSE,snapdragon,8,2.36,4500,1,65,8,128,6.43,90,4,1,android,50,16,1,256,1080,2460
poco,Poco F5 Pro,29999,285,84,TRUE,TRUE,TRUE,snapdragon,8,3.2,5500,1,67,8,128,6.67,120,3,1,android,64,16,0,,1440,3200
oppo,OPPO A16e (4GB RAM + 64GB),8999,85,68,FALSE,FALSE,FALSE,helio,8,2,4230,0,,4,64,6.52,60,1,1,android,13,5,1,1024,720,1600
poco,POCO M4 Pro 4G (8GB RAM + 128GB),13999,133,81,FALSE,FALSE,TRUE,helio,8,2.05,5000,1,33,8,128,6.43,90,3,1,android,64,16,1,1024,1080,2400
realme,Realme Narzo 50A,11499,109,71,FALSE,FALSE,FALSE,helio,8,2,6000,1,18,4,64,6.5,60,3,1,android,50,8,1,256,720,1600
asus,Asus ROG Phone 5s 5G,39999,380,87,TRUE,TRUE,FALSE,snapdragon,8,2.9,6000,1,65,8,128,6.78,144,3,1,android,64,24,0,,1080,2448
realme,Realme GT Master Edition 5G,27999,266,84,TRUE,TRUE,FALSE,snapdragon,8,2.4,4300,1,65,8,128,6.43,120,3,1,android,64,32,0,,1080,2400
samsung,Samsung Galaxy A32 5G,24499,233,79,TRUE,TRUE,FALSE,dimensity,8,2,5000,1,15,6,128,6.5,90,4,1,android,48,13,1,1024,720,1600
nubia,Nubia Red Magic 8 Pro Plus,60999,579,86,TRUE,TRUE,FALSE,snapdragon,8,3.2,5000,1,165,12,256,6.8,120,3,1,android,50,16,0,,1116,2480
samsung,Samsung Galaxy Z Fold 3,110999,1054,89,TRUE,TRUE,FALSE,snapdragon,8,2.84,4400,1,25,12,256,7.6,120,3,2,android,12,10,0,,1768,2208
lg,LG Wing 5G,54999,522,89,TRUE,TRUE,FALSE,snapdragon,8,2.4,4000,1,,8,128,6.8,60,3,1,,64,32,0,,1080,2460
xiaomi,Xiaomi Redmi Note 9 Pro Max,16490,157,80,FALSE,FALSE,TRUE,snapdragon,8,2.3,5020,1,33,6,64,6.67,60,4,1,android,64,32,1,512,1080,2400
samsung,Samsung Galaxy A52,24990,237,83,FALSE,FALSE,FALSE,snapdragon,8,2.3,4500,1,25,6,128,6.5,90,4,1,android,64,32,1,1024,1080,2400
vivo,Vivo Y71,25000,238,,FALSE,FALSE,FALSE,snapdragon,4,1.4,3360,0,,3,16,6,60,1,1,android,13,5,1,,720,1440
samsung,Samsung Galaxy A04e (3GB RAM + 64GB),9950,95,66,FALSE,FALSE,FALSE,helio,8,2.3,5000,0,,3,64,6.5,60,2,1,android,13,5,1,1024,720,1600
oppo,Oppo A56s,12999,123,75,TRUE,FALSE,FALSE,dimensity,8,2.4,5000,0,,8,128,6.56,60,2,1,android,13,8,1,,720,1612
oppo,Oppo Reno 8T 4G,19999,190,83,FALSE,TRUE,FALSE,helio,8,2.2,5000,1,66,8,256,6.67,120,3,1,android,50,16,1,1024,1080,2400
oppo,OPPO Reno 10,32999,313,84,TRUE,TRUE,FALSE,snapdragon,8,2.5,5000,1,120,8,256,6.73,120,3,1,android,50,32,0,,1080,2412
nokia,Nokia G60,28498,271,81,TRUE,TRUE,FALSE,snapdragon,8,2.2,4500,1,20,6,128,6.58,120,3,1,android,50,8,1,,1080,2400
oppo,OPPO A77 (4GB RAM + 128 GB),15998,152,71,FALSE,FALSE,FALSE,helio,8,2.3,5000,1,33,4,128,6.56,60,2,1,android,50,8,1,,720,1600
motorola,Motorola Edge 40 Pro 5G,59990,570,89,TRUE,TRUE,FALSE,snapdragon,8,3.2,4800,1,125,8,128,6.7,165,3,1,android,50,60,0,,1080,2460
oppo,Oppo K10x 5G,16990,161,78,TRUE,FALSE,FALSE,snapdragon,8,2.2,5000,1,67,6,128,6.59,120,3,1,android,64,16,0,,1080,2412
iqoo,iQOO Z6 Pro 5G (12GB RAM + 256GB),27999,266,82,TRUE,FALSE,FALSE,snapdragon,8,2.4,4700,1,66,12,256,6.44,90,3,1,android,64,16,0,,1080,2404
nokia,Nokia G21 (6GB RAM + 128GB),13499,128,75,FALSE,FALSE,FALSE,unisoc,8,1.6,5050,1,18,6,128,6.5,90,3,1,android,50,8,1,512,720,1600
samsung,Samsung Galaxy A13 (6GB RAM + 128GB),16499,157,78,FALSE,FALSE,FALSE,,8,2,5000,1,25,6,128,6.6,60,4,1,android,50,8,1,1024,1080,2408
oppo,OPPO A16K (4GB RAM + 64GB),10999,104,66,FALSE,FALSE,FALSE,helio,8,2.3,4230,0,,4,64,6.52,60,1,1,android,13,5,1,256,720,1600
xiaomi,Xiaomi Redmi 10C,13990,133,71,FALSE,FALSE,FALSE,snapdragon,8,2.4,6000,1,18,4,64,6.7,60,2,1,android,50,5,1,512,720,1600
tecno,Tecno Spark 9 Pro,9999,95,74,FALSE,FALSE,FALSE,helio,8,2,5000,1,18,4,64,6.6,90,3,1,android,48,32,1,,1080,2460
realme,Realme GT Neo 3 5G,31994,304,83,TRUE,TRUE,FALSE,dimensity,8,2.85,5000,1,80,8,128,6.7,120,3,1,android,50,16,0,,1080,2412
xiaomi,Xiaomi 11i HyperCharge 5G,24820,236,83,TRUE,FALSE,TRUE,dimensity,8,2.5,4500,1,120,6,128,6.67,120,3,1,android,108,16,1,1024,2400,1080
iqoo,iQOO Neo 6 SE 5G,22990,218,83,TRUE,FALSE,FALSE,snapdragon,8,3.2,4700,1,80,8,128,6.62,120,3,1,android,64,16,0,,1080,2400
iqoo,iQOO 9 Pro 5G,59990,570,88,TRUE,TRUE,FALSE,snapdragon,8,3,4700,1,120,8,256,6.78,120,3,1,android,50,16,0,,1440,3200
realme,Realme Narzo 50i (4GB RAM + 64GB),8999,85,62,FALSE,FALSE,FALSE,unisoc,8,1.6,5000,0,,4,64,6.5,60,1,1,android,8,5,1,256,720,1600
xiaomi,Xiaomi Redmi 9 Activ (6GB RAM + 128GB),10499,100,72,FALSE,FALSE,FALSE,helio,8,2.3,5000,0,,6,128,6.53,60,2,1,android,13,5,1,512,720,1600
jio,Jio JioPhone Next (3GB RAM + 32GB),7499,71,,FALSE,FALSE,FALSE,snapdragon,4,1.3,3000,0,,3,32,5.5,60,1,1,android,13,8,1,,720,1440
xiaomi,Xiaomi Redmi Note 8 2021,9990,95,75,FALSE,FALSE,TRUE,helio,8,2,4000,1,18,4,64,6.3,60,4,1,android,48,13,1,,1080,2340
xiaomi,Xiaomi Redmi Note 10 5G,12490,119,76,TRUE,FALSE,TRUE,dimensity,8,2.2,5000,1,18,4,128,6.5,90,3,1,android,48,8,1,512,1080,2400
vivo,Vivo Y20G,13990,133,69,FALSE,FALSE,FALSE,helio,8,2,5000,1,18,4,64,6.51,60,3,1,android,13,8,1,256,720,1600
samsung,Samsung Galaxy A22 5G,17990,171,79,TRUE,FALSE,FALSE,dimensity,8,2.2,5000,1,15,6,128,6.6,90,3,1,android,48,8,1,1024,1080,2408
vivo,Vivo V21,24999,237,83,FALSE,FALSE,FALSE,dimensity,8,2.4,4000,1,33,8,128,6.44,90,3,1,android,64,44,1,,1080,2400
realme,Realme 7 Pro (8GB RAM + 128GB),21999,209,85,FALSE,FALSE,FALSE,snapdragon,8,2.3,4500,1,65,8,128,6.4,60,4,1,android,64,32,1,256,1080,2400
oneplus,OnePlus Nord Lite,19999,190,77,FALSE,FALSE,FALSE,snapdragon,8,2,4300,1,30,8,128,6.55,90,3,1,android,48,16,0,,1080,2400
samsung,Samsung Galaxy S20 Ultra 5G,99999,950,,TRUE,TRUE,FALSE,exynos,8,2.73,5000,1,45,12,128,6.9,60,4,1,android,108,40,1,1024,1440,3200
apple,Apple iPhone 11 Pro Max,109900,1044,77,FALSE,TRUE,FALSE,bionic,6,2.65,3500,1,18,4,64,6.5,60,3,1,ios,12,12,0,,1242,2688
apple,Apple iPhone 7s,52990,503,,FALSE,FALSE,FALSE,fusion,4,2.37,2230,0,,3,32,4.7,60,1,1,ios,13,7,0,,750,1334
sony,Sony Xperia Ace IV,19990,190,80,FALSE,TRUE,FALSE,snapdragon,8,2,5000,1,33,8,128,6.5,120,2,1,android,50,16,1,1024,1080,2400
samsung,Samsung Galaxy A04e (4GB RAM + 128GB),11499,109,69,FALSE,FALSE,FALSE,helio,8,2.3,5000,0,,4,128,6.5,60,2,1,android,13,5,1,1024,720,1600
xiaomi,Xiaomi Redmi Note 12 4G,13999,133,75,FALSE,FALSE,TRUE,helio,8,2.2,5000,1,33,4,64,6.67,120,3,1,android,48,13,1,1024,1080,2400
oukitel,Oukitel WP21,22990,218,82,FALSE,FALSE,FALSE,helio,8,2.2,9800,1,66,12,256,6.78,120,3,1,,64,,0,,1080,2400
vivo,Vivo V28,28990,275,84,TRUE,FALSE,FALSE,snapdragon,8,2.2,5000,1,80,8,256,6.7,120,3,1,android,108,32,1,,1080,2400
poco,Poco F4 5G (8GB RAM + 128GB),27999,266,85,TRUE,TRUE,FALSE,snapdragon,8,3.2,4500,1,67,8,128,6.67,120,3,1,android,64,20,0,,1080,2400
xiaomi,Xiaomi Redmi Note 11T Pro 5G,19990,190,82,TRUE,TRUE,TRUE,dimensity,8,2.85,5080,1,67,6,128,6.6,144,3,1,android,64,16,1,1024,1080,2460
realme,Realme Narzo 50 Pro 5G (8GB RAM + 128GB),22999,218,83,TRUE,FALSE,FALSE,dimensity,8,2.5,5000,1,33,8,128,6.4,90,3,1,android,48,16,1,1024,1080,2400
vivo,Vivo T1 44W (8GB RAM + 128GB),17999,171,82,FALSE,FALSE,FALSE,snapdragon,8,2.4,5000,1,44,8,128,6.44,60,3,1,android,50,16,1,1024,1080,2408
xiaomi,Xiaomi Redmi Note 11S (6GB RAM + 128GB),15499,147,81,FALSE,FALSE,TRUE,helio,8,2.05,5000,1,33,6,128,6.43,90,4,1,android,108,16,1,512,1080,2400
lava,Lava Agni 5G,17990,171,84,TRUE,FALSE,FALSE,dimensity,8,2.4,5000,1,30,8,128,6.78,90,4,1,android,64,16,1,1024,1080,2460
realme,Realme 8i (6GB RAM + 128GB),13999,133,77,FALSE,FALSE,FALSE,helio,8,2.05,5000,1,18,6,128,6.6,120,3,1,android,50,16,1,256,1080,2412
oppo,OPPO A55 4G,13499,128,73,FALSE,FALSE,FALSE,helio,8,2.3,5000,1,18,4,64,6.51,60,3,1,android,50,16,1,256,720,1600
poco,POCO M3 Pro 5G (6GB RAM + 128GB),14799,141,79,TRUE,FALSE,TRUE,dimensity,8,2.2,5000,1,18,6,128,6.5,90,3,1,android,48,8,1,1024,1080,2400
realme,Realme C21Y,6999,66,62,FALSE,FALSE,FALSE,unisoc,8,1.8,5000,0,,3,32,6.5,60,3,1,android,13,5,1,256,720,1600
oppo,OPPO A16,11999,114,69,FALSE,FALSE,FALSE,helio,8,2.3,5000,0,,4,64,6.52,60,3,1,android,13,8,1,,720,1600
vivo,Vivo V21 5G,23994,228,85,TRUE,FALSE,FALSE,dimensity,8,2.4,4000,1,33,8,128,6.44,90,3,1,android,64,44,1,,1080,2400
apple,Apple iPhone 12 Pro (512GB),139900,1329,80,TRUE,TRUE,FALSE,bionic,6,3.1,,0,,6,512,6.1,60,3,1,ios,12,12,0,,1170,2532
sony,Sony Xperia 1 II,69999,665,89,TRUE,TRUE,FALSE,snapdragon,8,2.84,4000,1,21,8,256,6.5,60,4,1,android,12,8,1,,1644,3840
motorola,Motorola Edge Plus,57999,551,89,TRUE,TRUE,FALSE,snapdragon,8,2.84,5000,1,18,12,256,6.7,90,3,1,android,108,25,0,,1080,2340
samsung,Samsung Galaxy Note 20,86000,817,87,FALSE,TRUE,FALSE,exynos,8,2.73,4300,1,25,8,256,6.7,60,3,1,android,64,10,0,,1080,2400
samsung,Samsung Galaxy A12,11999,114,71,FALSE,FALSE,FALSE,helio,8,2.3,5000,1,15,4,64,6.5,60,4,1,android,48,8,1,,720,1560
xiaomi,Xiaomi Redmi Note 12 Pro 4G,14999,142,77,FALSE,TRUE,TRUE,snapdragon,8,2.3,5000,1,67,6,128,6.67,120,3,1,android,50,16,0,,1080,2400
realme,Realme GT Neo 3T (8GB RAM + 128GB),26499,252,81,TRUE,FALSE,FALSE,snapdragon,8,3.2,5000,1,80,8,128,6.62,120,3,1,android,64,16,0,,1080,2400
realme,Realme C30s (4GB RAM + 64GB),8990,85,62,FALSE,FALSE,FALSE,unisoc,8,1.6,5000,1,10,4,64,6.5,60,1,1,android,8,5,1,1024,720,1600
apple,Apple iPhone 14 (512GB),95999,912,82,TRUE,TRUE,FALSE,bionic,6,3.22,3279,1,,6,512,6.1,60,2,1,ios,12,12,0,,1170,2532
iqoo,iQOO 9T 5G,47990,456,85,TRUE,TRUE,TRUE,snapdragon,8,3.2,4700,1,120,8,128,6.78,120,3,1,android,50,16,0,,1080,2400
tecno,Tecno Camon 19 Pro,17990,171,81,FALSE,FALSE,FALSE,helio,8,2.05,5000,1,33,8,128,6.8,120,3,1,android,64,32,0,,1080,2460
oneplus,OnePlus Nord 2 Lite 5G,22999,218,83,TRUE,TRUE,FALSE,snapdragon,8,2.2,5000,1,33,8,128,6.59,120,3,1,android,64,16,1,,1080,2412
samsung,Samsung Galaxy S22 Ultra 5G (8GB RAM + 128GB),99990,950,,TRUE,TRUE,FALSE,snapdragon,8,3,5000,1,45,8,128,6.8,120,4,1,android,108,40,0,,1440,3080
poco,POCO F4 GT 5G,39999,380,86,TRUE,TRUE,TRUE,snapdragon,8,3,4700,1,120,8,128,6.67,120,3,1,android,64,20,0,,1080,2400
xiaomi,Xiaomi 11T Pro 5G (12GB RAM + 256GB),38999,370,88,TRUE,TRUE,TRUE,snapdragon,8,2.84,5000,1,120,12,256,6.67,120,3,1,android,108,16,0,,1080,2400
vivo,Vivo Y10,12490,119,63,FALSE,FALSE,FALSE,helio,8,2.3,5000,0,,4,128,6.51,60,2,1,android,13,8,0,,720,1600
samsung,Samsung Galaxy A83 5G,39990,380,86,TRUE,TRUE,FALSE,snapdragon,8,3.2,4500,1,25,6,128,6.71,120,3,1,android,64,10,1,1024,1440,3200
vivo,Vivo Y33s,16685,159,80,FALSE,FALSE,FALSE,helio,8,2,5000,1,18,8,128,6.58,60,3,1,android,50,16,1,1024,1080,2408
huawei,Huawei Mate 40 Pro 4G,69990,665,,FALSE,TRUE,TRUE,kirin,8,3.13,4400,1,66,8,128,6.76,90,3,2,other,50,13,1,256,1344,2772
micromax,Micromax IN 2B,6999,66,66,FALSE,FALSE,FALSE,unisoc,8,1.8,5000,0,,4,64,6.52,60,2,1,android,13,5,1,256,720,1600
asus,Asus ROG Phone 6,71999,684,86,TRUE,TRUE,FALSE,snapdragon,8,3.2,6000,1,65,12,256,6.78,165,3,1,android,50,12,0,,1080,2448
realme,Realme X7 Max,26999,256,84,TRUE,TRUE,FALSE,dimensity,8,3,4500,1,50,8,128,6.43,120,3,1,android,64,16,0,,1080,2400
realme,Realme 8 5G,16499,157,75,TRUE,FALSE,FALSE,dimensity,8,2.2,5000,1,18,4,128,6.5,90,3,1,android,48,16,1,1024,1080,2400
oppo,OPPO A55 5G,17990,171,74,TRUE,FALSE,FALSE,dimensity,8,2.2,5000,0,,6,128,6.5,60,3,1,android,13,8,1,,720,1600
xiaomi,Xiaomi Redmi 9,8999,85,68,FALSE,FALSE,FALSE,helio,8,2.3,5000,0,,4,64,6.53,60,2,1,android,13,5,1,512,720,1600
apple,Apple iPhone SE 2020,39900,379,63,FALSE,TRUE,FALSE,bionic,6,2.65,1821,1,18,3,64,4.7,60,1,1,ios,12,7,0,,750,1334
letv,Letv Y1 Pro Plus,5999,57,60,FALSE,FALSE,FALSE,tiger,4,1.8,4000,1,10,6,64,6.5,60,2,1,android,8,5,0,,720,1560
oneplus,OnePlus Nord 5,34999,332,76,TRUE,TRUE,FALSE,dimensity,8,,5000,1,120,8,128,6.57,120,3,1,android,64,32,0,,1080,2400
vivo,Vivo Y73T,16990,161,77,TRUE,FALSE,FALSE,dimensity,8,2,6000,1,44,8,128,6.58,60,2,1,android,50,8,0,,1080,2408
oppo,OPPO Reno 9 Z,22990,218,84,TRUE,TRUE,FALSE,snapdragon,8,2.2,4800,1,33,8,128,6.58,120,3,1,android,50,32,1,,1080,2400
vivo,Vivo V25e,19990,190,84,FALSE,FALSE,FALSE,helio,8,2.2,4500,1,44,8,256,6.44,90,3,1,android,64,32,1,,1080,2400
infinix,Infinix Hot 12 Pro,10850,103,74,FALSE,FALSE,FALSE,tiger,8,2,5000,1,18,6,64,6.6,90,2,1,android,50,8,1,256,720,1612
realme,Realme Narzo 50 5G (4GB RAM + 64GB),13499,128,75,TRUE,FALSE,FALSE,dimensity,8,2.4,5000,1,33,4,64,6.6,90,3,1,android,48,16,1,1024,1080,2400
itel,itel Vision 3,6699,64,61,FALSE,FALSE,FALSE,unisoc,8,1.6,5000,1,18,3,64,6.6,60,2,1,android,8,5,1,128,1612,720
oppo,OPPO A96 4G,17999,171,80,FALSE,FALSE,FALSE,snapdragon,8,2.4,5000,1,33,8,128,6.59,90,2,1,android,50,16,1,,1080,2412
xiaomi,Xiaomi Redmi Note 11E 5G,13990,133,69,TRUE,FALSE,TRUE,dimensity,8,2.2,5000,1,18,4,128,6.58,90,2,1,android,50,5,0,,1080,2408
honor,Honor Magic 4 Pro Plus 5G,94990,902,,TRUE,TRUE,FALSE,snapdragon,8,3,4600,1,120,12,512,6.76,120,4,2,android,50,13,0,,1344,2772
tecno,Tecno Spark 9T,8968,85,72,FALSE,FALSE,FALSE,helio,8,2.3,5000,1,18,4,64,6.6,60,3,1,android,50,8,1,,1080,2408
infinix,Infinix Smart 6,7320,70,60,FALSE,FALSE,FALSE,helio,4,2,5000,0,,2,64,6.6,60,2,1,android,8,5,1,512,720,1600
realme,Realme C25Y (4GB RAM + 64GB),8999,85,69,FALSE,FALSE,FALSE,tiger,8,1.8,5000,1,18,4,64,6.5,60,3,1,android,50,8,1,256,1600,720
samsung,Samsung Galaxy A12 (6GB RAM + 128GB),13999,133,75,FALSE,FALSE,FALSE,helio,8,2.3,5000,1,15,6,128,6.5,60,4,1,android,48,8,1,,720,1560
tecno,Tecno Camon 19,14746,140,79,FALSE,TRUE,FALSE,helio,8,2,5000,1,18,6,128,6.8,60,3,1,android,64,16,1,512,1080,2460
xiaomi,Xiaomi Redmi Note 10 Pro 5G,16999,161,83,TRUE,TRUE,TRUE,dimensity,8,2.6,5000,1,67,6,128,6.6,120,3,1,android,64,16,1,,1080,2400
xiaomi,Xiaomi Mi 11X 5G (8GB RAM + 128GB),25990,247,83,TRUE,FALSE,TRUE,snapdragon,8,3.2,4520,1,33,8,128,6.67,120,3,1,android,48,20,0,,1080,2400
xiaomi,Xiaomi Redmi Note 10 (6GB RAM + 128GB),16499,157,78,FALSE,FALSE,TRUE,snapdragon,8,2.2,5000,1,33,6,128,6.43,60,4,1,android,48,13,1,512,1080,2400
xiaomi,Xiaomi Redmi Note 10 Pro Max,19999,190,81,FALSE,FALSE,TRUE,snapdragon,8,2.3,5020,1,33,6,64,6.67,120,4,1,android,108,16,1,512,1080,2400
xiaomi,Xiaomi Mi 10T 5G,23500,223,80,TRUE,TRUE,FALSE,snapdragon,8,2.84,5000,1,33,6,128,6.67,144,3,1,android,64,20,0,,2400,1080
lg,LG Velvet 5G,54999,522,85,TRUE,TRUE,FALSE,snapdragon,8,2.4,4300,1,25,6,128,6.8,60,3,1,android,48,16,1,,1080,2460
motorola,Motorola One Fusion Plus,19499,185,80,FALSE,FALSE,FALSE,snapdragon,8,2.2,5000,1,18,6,128,6.5,60,4,1,android,64,16,1,1024,1080,2340
lg,LG V60 ThinQ,79990,760,,TRUE,TRUE,FALSE,snapdragon,8,2.84,5000,1,,8,128,6.8,60,3,1,,64,10,0,,1080,2460
samsung,Samsung Galaxy Note 10 Lite,39999,380,83,FALSE,TRUE,FALSE,exynos,8,2.7,4500,1,25,6,128,6.7,60,3,1,android,12,32,1,1024,1080,2400
samsung,Samsung Galaxy Note 10 Plus 5G,92999,883,89,TRUE,TRUE,TRUE,exynos,8,2.7,4300,1,,12,256,6.8,60,4,1,android,12,10,1,512,1440,3040
iqoo,iQOO Neo 7 Racing Edition,32990,313,84,TRUE,TRUE,TRUE,snapdragon,8,3.2,5000,1,120,8,256,6.78,120,3,1,android,50,16,0,,1080,2400
samsung,Samsung Galaxy A04s (4GB RAM + 128GB),14499,138,72,FALSE,FALSE,FALSE,exynos,8,2,5000,1,15,4,128,6.5,90,3,1,android,50,5,1,1024,720,1600
vivo,Vivo Y35 5G,13999,133,70,TRUE,FALSE,FALSE,dimensity,8,2.2,5000,1,15,4,128,6.51,60,2,1,android,13,5,1,1024,720,1600
vivo,Vivo Y02 (2GB RAM + 32GB),7999,76,,FALSE,FALSE,FALSE,helio,8,,5000,1,10,2,32,6.51,60,1,1,android,8,5,1,1024,720,1600
itel,itel Vision 3 (2GB RAM + 32GB),5785,55,,FALSE,FALSE,FALSE,unisoc,8,1.6,5000,1,18,2,32,6.6,60,2,1,android,8,5,1,128,1612,720
xiaomi,Xiaomi Redmi Note 11R,12990,123,73,TRUE,FALSE,TRUE,dimensity,8,2.2,5000,1,18,4,128,6.58,90,2,1,android,13,5,1,512,1080,2400
poco,Poco M6 Pro,19990,190,84,TRUE,FALSE,TRUE,dimensity,8,2.5,5100,1,120,8,128,6.73,120,3,1,android,108,32,1,1024,1080,2400
oppo,OPPO A97 5G,23990,228,79,TRUE,FALSE,FALSE,dimensity,8,2.4,5000,1,33,12,256,6.56,90,2,1,android,48,8,1,1024,1080,2400
samsung,Samsung Galaxy A24,17999,171,77,FALSE,FALSE,FALSE,exynos,8,1.8,4000,1,15,6,64,6.4,60,3,1,android,48,16,1,1024,1080,2408
infinix,Infinix Note 13 Pro,16999,161,80,FALSE,FALSE,FALSE,helio,8,2.2,5000,1,120,6,128,6.91,60,4,1,android,108,16,1,256,1080,2460
honor,Honor Play 30,9999,95,68,TRUE,FALSE,FALSE,snapdragon,8,2.2,5000,0,,4,128,6.5,60,1,1,android,13,5,1,,720,1600
infinix,Infinix Smart 6 Plus,8299,79,63,FALSE,FALSE,FALSE,helio,8,2,5000,0,,3,64,6.82,60,2,1,android,8,5,1,512,720,1600
sony,Sony Xperia 5 IV 5G,82199,781,89,TRUE,TRUE,FALSE,snapdragon,8,3,5000,1,30,8,256,6.1,120,3,1,android,12,12,1,,1080,2520
nubia,Nubia Z40 Pro 5G,49990,475,84,TRUE,TRUE,FALSE,snapdragon,8,3,5000,1,80,8,128,6.67,144,3,1,android,64,16,0,,1080,2400
nokia,Nokia G21,11999,114,71,FALSE,FALSE,FALSE,unisoc,8,1.6,5050,1,18,4,64,6.5,90,3,1,android,50,8,1,512,720,1600
xiaomi,Xiaomi 12 Lite 5G,29990,285,82,TRUE,TRUE,FALSE,snapdragon,8,2.4,4300,1,67,6,128,6.55,120,3,1,android,108,32,0,,1080,2400
oppo,Oppo Find N 5G,92249,876,,TRUE,TRUE,FALSE,snapdragon,8,2.84,4500,1,33,8,256,7.1,120,3,1,android,50,32,0,,1792,1920
apple,Apple iPhone 13 Pro Max (256GB),139900,1329,84,TRUE,TRUE,FALSE,bionic,6,3.22,4352,1,,6,256,6.7,120,3,1,ios,12,12,0,,1284,2778
vivo,Vivo Y21s,14990,142,74,FALSE,FALSE,FALSE,helio,8,2,5000,1,18,4,128,6.51,60,3,1,android,50,8,1,1024,720,1600
oppo,OPPO F19s,15988,152,79,FALSE,FALSE,FALSE,snapdragon,8,2,5000,1,33,6,128,6.43,60,3,1,android,48,16,1,256,1080,2400
samsung,Samsung Galaxy M21 2021,11725,111,76,FALSE,FALSE,FALSE,exynos,8,2.3,6000,1,15,4,64,6.4,60,3,1,android,48,20,1,512,1080,2340
oppo,OPPO F19 Pro,17994,171,80,FALSE,FALSE,FALSE,helio,8,2.2,4310,1,30,8,128,6.43,60,4,1,android,48,16,1,256,1080,2400
oppo,OPPO X 2021,134999,1282,86,FALSE,FALSE,FALSE,snapdragon,8,2.84,4000,1,45,8,256,7.4,60,3,1,android,64,16,0,,1440,3200
oneplus,OnePlus Nord N10,25595,243,81,TRUE,TRUE,FALSE,snapdragon,8,2,4300,1,30,6,128,6.49,90,4,1,android,64,16,1,512,1080,2400
gionee,Gionee M12 Pro,7499,71,67,FALSE,FALSE,FALSE,helio,8,1.99,4000,0,,6,128,6.2,60,1,1,android,16,13,1,256,720,1520
poco,Poco M2,10890,103,74,FALSE,FALSE,TRUE,helio,8,2,5000,1,18,6,64,6.53,60,4,1,android,13,8,1,512,1080,2340
oppo,OPPO F17 Pro,18990,180,83,FALSE,FALSE,FALSE,helio,8,2.2,4015,1,30,8,128,6.43,60,4,2,android,48,16,1,256,1080,2400
motorola,Motorola Moto G 5G,19990,190,82,TRUE,TRUE,FALSE,snapdragon,8,2.2,5000,1,20,6,128,6.67,60,3,1,android,48,16,1,1024,1080,2400
samsung,Samsung Galaxy A50s,15990,152,80,FALSE,TRUE,FALSE,exynos,8,2.3,4000,1,15,4,128,6.4,60,3,1,android,48,32,1,512,1080,2340
samsung,Samsung Galaxy Note 10 Plus,58999,560,89,FALSE,TRUE,FALSE,exynos,8,2.73,4300,1,45,12,256,6.8,60,4,1,android,12,10,1,1024,1440,3040
vivo,Vivo Y15,12500,119,71,FALSE,FALSE,FALSE,helio,8,2,5000,0,,4,64,6.35,60,3,1,android,13,16,1,256,720,1544
vivo,Vivo S1 Pro,29999,285,82,FALSE,FALSE,FALSE,snapdragon,8,2,4500,1,18,8,128,6.38,60,4,1,android,48,32,1,256,1080,2340
vivo,Vivo T3 Pro,31990,304,86,TRUE,FALSE,FALSE,snapdragon,8,2.7,4700,1,80,8,256,6.67,120,3,1,android,64,32,1,1024,1080,2408
vivo,Vivo V21s,29999,285,86,TRUE,TRUE,FALSE,dimensity,8,2.4,4000,1,33,8,128,6.44,90,3,1,android,64,44,1,,1080,2400
asus,Asus ROG Phone 6D Ultimate,107990,1026,,TRUE,TRUE,FALSE,dimensity,8,3.2,6000,1,65,16,512,6.78,165,3,1,,50,12,0,,1080,2448
motorola,Motorola Moto Edge 30 Neo,31990,304,84,TRUE,TRUE,FALSE,snapdragon,8,2.2,4020,1,68,8,128,6.28,120,2,1,android,64,32,0,,1080,2400
xiaomi,Xiaomi 12T,48990,465,87,TRUE,TRUE,TRUE,dimensity,8,2.85,5000,1,120,8,128,6.67,120,3,1,android,108,20,0,,1220,2712
huawei,Huawei Mate 50 Pro 5G,99990,950,85,TRUE,TRUE,FALSE,kirin,8,3.13,4500,1,66,8,256,6.76,120,3,1,other,64,13,0,,1440,3200
realme,Realme C32,9499,90,65,FALSE,FALSE,FALSE,tiger,8,1.82,5000,0,,4,64,6.52,60,3,1,android,13,5,1,1024,720,1600
huawei,Huawei Mate Xs 2,162990,1548,89,FALSE,TRUE,TRUE,snapdragon,8,2.84,4600,1,66,8,512,7.8,120,3,1,,50,10.7,0,,2200,2480
iqoo,iQOO Z7 Pro 5G,24999,237,80,TRUE,FALSE,FALSE,snapdragon,8,2.36,5000,1,67,6,128,6.62,144,3,1,android,50,16,1,1024,1080,2412
apple,Apple iPhone 15,82990,788,72,FALSE,TRUE,FALSE,bionic,,,3285,1,,6,128,6.06,60,2,1,ios,50,13,0,,1170,2532
infinix,Infinix Note 11S (8GB RAM + 128GB),15999,152,79,FALSE,FALSE,FALSE,helio,8,2.05,5000,1,33,8,128,6.95,120,3,1,android,50,16,1,2048,1080,2460
tecno,Tecno Spark 8 (4GB RAM + 64GB),8999,85,64,FALSE,FALSE,FALSE,helio,8,1.8,5000,0,,4,64,6.52,60,2,1,android,16,8,1,256,720,1600
oppo,Oppo A56 5G,17990,171,73,TRUE,FALSE,FALSE,dimensity,8,2.2,5000,0,,6,128,6.5,60,2,1,android,13,8,1,,720,1600
vivo,Vivo X80 Pro Plus 5G,82990,788,,TRUE,TRUE,FALSE,snapdragon,8,3.2,4500,1,120,12,256,6.78,120,4,1,android,50,32,0,,1440,3200
xiaomi,Xiaomi Redmi 10 Prime (6GB RAM + 128GB),12999,123,77,FALSE,FALSE,TRUE,helio,8,2,6000,1,18,6,128,6.5,90,4,1,android,50,8,1,512,1080,2400
huawei,Huawei Nova 9,29990,285,83,FALSE,TRUE,FALSE,snapdragon,8,2.4,4300,1,66,8,128,6.57,120,4,1,other,50,32,0,,1080,2340
tecno,Tecno Pop 5 Go,6999,66,,FALSE,FALSE,FALSE,spreadtrum,4,1.3,4000,0,,1,16,6.1,60,2,1,android,5,5,1,,720,1520
huawei,Huawei P50 Pro 4G,60999,579,,FALSE,TRUE,TRUE,snapdragon,8,2.84,4360,1,66,8,256,6.6,120,4,1,other,50,13,1,256,1288,2700
xiaomi,Xiaomi Redmi K50 5G,27990,266,83,TRUE,TRUE,TRUE,dimensity,8,2.85,5500,1,67,8,128,6.67,120,3,1,android,48,20,0,,1440,3200
nokia,Nokia C01 Plus,5249,50,,FALSE,FALSE,FALSE,unisoc,8,1.6,3000,0,,2,16,5.45,60,1,1,android,5,5,1,256,720,1440
realme,Realme Q3,14999,142,80,TRUE,FALSE,FALSE,snapdragon,8,2.2,5000,1,30,6,128,6.5,120,3,1,android,48,16,1,,1080,2400
oppo,OPPO Reno 6 Pro Plus 5G,44990,427,87,TRUE,TRUE,FALSE,snapdragon,8,3.2,4500,1,65,8,128,6.55,90,4,1,android,50,32,0,,1080,2400
motorola,Motorola Edge S,22490,214,87,TRUE,TRUE,FALSE,snapdragon,8,3.2,5000,1,20,6,128,6.7,90,4,2,android,64,16,1,,1080,2520
oppo,Oppo Find X3 Pro,50990,484,,TRUE,TRUE,FALSE,snapdragon,8,2.84,4500,1,65,12,256,6.7,120,4,1,android,50,32,0,,1440,3216
poco,Poco M3,11499,109,75,FALSE,FALSE,TRUE,snapdragon,8,2,6000,1,18,6,64,6.53,60,3,1,android,48,8,1,512,1080,2340
itel,itel S16,5990,57,,FALSE,FALSE,FALSE,unisoc,4,1.3,4000,0,,1,16,6.5,60,3,1,android,8,8,1,32,1600,720
vivo,Vivo V20 Pro,27000,257,84,TRUE,FALSE,FALSE,snapdragon,8,2.4,4000,1,33,8,128,6.44,60,3,2,android,64,44,0,,1080,2400
xiaomi,Xiaomi Mi 10T Pro 5G,29999,285,86,TRUE,TRUE,TRUE,snapdragon,8,2.84,5000,1,33,8,128,6.67,144,3,1,android,108,20,0,,1080,2400
vivo,Vivo V19 (8GB RAM + 256GB),27990,266,84,FALSE,FALSE,FALSE,snapdragon,8,2.3,4500,1,33,8,256,6.44,60,4,2,android,48,32,1,512,1080,2400
samsung,Samsung Galaxy S20 5G,74999,712,89,TRUE,TRUE,FALSE,exynos,8,2.73,4000,1,25,8,128,6.2,60,3,1,android,64,10,1,1024,1440,3200
vivo,Vivo U3,9990,95,72,FALSE,FALSE,FALSE,snapdragon,8,2,5000,1,18,4,64,6.53,60,3,1,android,16,16,1,256,1080,2340
oppo,Oppo K5 (8GB RAM + 128GB),19990,190,82,FALSE,FALSE,FALSE,snapdragon,8,2.2,4000,1,30,8,128,6.4,60,4,1,android,64,32,1,256,1080,2340
realme,Realme XT,13279,126,75,FALSE,FALSE,FALSE,snapdragon,8,2.3,4000,1,20,4,64,6.4,60,4,1,android,64,16,1,256,1080,2340
vivo,Vivo Y12 (3GB RAM + 64GB),11000,105,68,FALSE,FALSE,FALSE,helio,8,2,5000,0,,3,64,6.35,60,3,1,android,13,8,1,256,720,1544
xiaomi,Xiaomi Poco F1 (6GB RAM + 128GB),12999,123,78,FALSE,FALSE,FALSE,snapdragon,8,2.8,4000,1,,6,128,6.18,60,2,1,android,12,20,1,256,1080,2246
poco,Poco C50 (3GB RAM + 32GB),7299,69,61,FALSE,FALSE,FALSE,helio,4,2,5000,1,10,3,32,6.52,60,2,1,android,8,5,1,512,720,1600
ikall,iKall Z19,7999,76,61,FALSE,FALSE,FALSE,,4,1.6,5000,0,,4,32,6.5,60,1,1,android,20,13,1,128,720,1600
xiaomi,Xiaomi Redmi K60 Gaming Edition,54990,522,86,TRUE,TRUE,TRUE,snapdragon,8,3.2,5000,1,67,8,128,6.73,120,3,1,android,50,20,0,,1440,3200
vivo,Vivo S17 Pro,49990,475,77,TRUE,TRUE,FALSE,dimensity,8,,5000,1,120,12,256,6.67,120,3,1,android,50,32,0,,1080,2400
honor,Honor 80 Pro Plus,54990,522,,TRUE,TRUE,FALSE,snapdragon,8,3,4500,1,100,12,256,6.78,120,3,1,android,200,50,0,,1200,2652
apple,Apple iPhone SE 4,49990,475,60,TRUE,TRUE,FALSE,bionic,6,3.22,,0,,4,64,6.1,60,1,1,ios,12,10.8,0,,750,1580
tecno,Tecno Pova Neo 5G,15499,147,71,FALSE,FALSE,FALSE,dimensity,8,2.4,6000,1,18,4,128,6.8,120,2,1,android,50,8,1,1024,1080,2400
apple,Apple iPhone 14 Pro Max (512GB),169900,1614,78,TRUE,TRUE,FALSE,bionic,6,,4323,1,,6,512,6.7,120,3,1,ios,48,12,0,,1290,2796
google,Google Pixel 8,53990,513,75,TRUE,TRUE,FALSE,google,8,,4830,1,67,8,128,6.6,120,2,1,android,50,10.1,0,,1080,2400
vivo,Vivo T2x 5G,18990,180,80,TRUE,FALSE,FALSE,dimensity,8,3,6000,1,44,8,128,6.58,120,2,1,android,50,16,0,,1080,2408
motorola,Motorola Moto G52 5G,16999,161,76,TRUE,TRUE,FALSE,snapdragon,8,2.2,5000,1,33,4,64,6.6,90,3,1,android,50,16,1,,2460,1080
motorola,Motorola Edge 40 5G,34999,332,86,TRUE,TRUE,FALSE,snapdragon,8,2.36,4200,1,67,8,128,6.5,144,3,1,android,50,32,0,,1080,2412
vivo,Vivo X Note 5G (12GB RAM + 512GB),82990,788,,TRUE,TRUE,TRUE,snapdragon,8,3,5000,1,80,12,512,7,120,4,1,android,50,16,0,,1440,3080
realme,Realme GT 2 Pro 5G (12GB RAM + 256GB),46999,446,89,TRUE,TRUE,FALSE,snapdragon,8,3,5000,1,65,12,256,6.7,120,3,1,android,50,32,0,,1440,3216
vivo,Vivo Y15C,8499,81,66,FALSE,FALSE,FALSE,helio,8,2.3,5000,0,,3,32,6.51,60,2,1,android,13,8,1,1024,720,1600
honor,Honor X8,16999,161,76,FALSE,FALSE,FALSE,snapdragon,8,2.4,4000,1,22,6,128,6.7,90,4,1,android,64,16,0,,1080,2388
samsung,Samsung Galaxy A03 (4GB RAM + 64GB),11499,109,69,FALSE,FALSE,FALSE,unisoc,8,1.6,5000,1,15,4,64,6.5,60,2,1,android,48,5,1,1024,720,1560
samsung,Samsung Galaxy S22 Plus 5G (8GB RAM + 256GB),88999,845,88,TRUE,TRUE,FALSE,snapdragon,8,3,4500,1,45,8,256,6.6,120,3,1,android,50,10,0,,1080,2340
vivo,Vivo Y33T,15990,152,81,FALSE,FALSE,FALSE,snapdragon,8,2.4,5000,1,18,8,128,6.58,90,3,1,android,50,16,1,1024,1080,2408
xiaomi,Xiaomi 11i 5G (8GB RAM + 128GB),24990,237,83,TRUE,FALSE,TRUE,dimensity,8,2.5,5160,1,67,8,128,6.67,120,3,1,android,108,16,1,1024,2400,1080
oppo,Oppo Find X5 Pro 5G,79990,760,,TRUE,TRUE,FALSE,snapdragon,8,3,5000,1,80,8,256,6.7,120,3,1,android,50,32,0,,1440,3216
tecno,Tecno Spark Go 2022,6249,59,61,FALSE,FALSE,FALSE,,8,2.2,5000,0,,2,32,6.51,60,2,1,android,13,8,1,256,720,1600
vivo,Vivo Y21e,12499,119,69,FALSE,FALSE,FALSE,snapdragon,8,2.4,5000,1,18,3,64,6.51,60,2,1,android,13,8,1,1024,720,1600
xiaomi,Xiaomi Redmi 9A Sport,6499,62,61,FALSE,FALSE,FALSE,helio,8,2,5000,0,,2,32,6.53,60,1,1,android,13,5,1,512,720,1600
apple,Apple iPhone 13 Pro Max (1TB),179900,1709,86,TRUE,TRUE,FALSE,bionic,6,3.22,4352,1,,6,1024,6.7,120,3,1,ios,12,12,0,,1284,2778
vivo,Vivo Y12G (3GB RAM + 64GB),11990,114,68,FALSE,FALSE,FALSE,snapdragon,8,2,5000,0,,3,64,6.51,60,3,1,android,13,8,1,,720,1600
vivo,Vivo V23e,26990,256,82,FALSE,FALSE,FALSE,helio,8,2.05,4050,1,44,8,128,6.44,60,3,1,android,64,50,0,,1080,2400
samsung,Samsung Galaxy F22 (6GB RAM + 128GB),13499,128,76,FALSE,FALSE,FALSE,helio,8,2,6000,0,,6,128,6.4,90,4,1,android,48,13,1,1024,720,1600
xiaomi,Xiaomi 12 Ultra 5G,75999,722,,TRUE,TRUE,TRUE,snapdragon,8,3.2,4800,1,67,12,256,6.73,120,3,1,android,50,20,0,,1440,3200
micromax,Micromax IN 2C,5999,57,60,FALSE,FALSE,FALSE,tiger,8,1.8,5000,0,,3,32,6.52,60,1,1,android,8,5,1,256,720,1600
samsung,Samsung Galaxy A03s,8499,81,67,FALSE,FALSE,FALSE,helio,8,2.3,5000,1,15,3,32,6.5,60,3,1,android,13,5,1,1024,720,1600
oppo,OPPO A54 (4GB RAM + 128GB),11990,114,71,FALSE,FALSE,FALSE,helio,8,2.3,5000,1,,4,128,6.51,60,3,1,android,13,16,1,256,1600,720
xiaomi,Xiaomi Redmi 20X,10990,104,77,TRUE,FALSE,TRUE,dimensity,8,2.2,5000,1,18,4,128,6.43,90,4,1,android,48,13,1,,1080,2340
xiaomi,Xiaomi Mi Mix Fold,109990,1045,,TRUE,TRUE,TRUE,snapdragon,8,2.84,5020,1,67,12,256,8.01,90,3,1,android,108,20,0,,1860,2480
realme,Realme Narzo 30 5G,16999,161,80,TRUE,TRUE,FALSE,dimensity,8,2.2,5000,1,18,6,128,6.5,90,3,1,android,48,16,1,1024,1080,2400
oppo,OPPO A54,12199,116,70,FALSE,FALSE,FALSE,helio,8,2.3,5000,1,,4,64,6.51,60,3,1,android,13,16,1,256,1600,720
oppo,Oppo A15s (4GB RAM + 128GB),11490,109,72,FALSE,FALSE,FALSE,helio,8,2.3,4230,0,,4,128,6.52,60,3,1,android,13,8,1,256,720,1600
itel,itel A56,5490,52,,FALSE,FALSE,FALSE,,4,1.3,4000,0,,1,16,6,60,2,1,android,8,5,1,32,720,1600
xiaomi,Xiaomi Redmi 9 Power,11499,109,74,FALSE,FALSE,TRUE,snapdragon,8,2,6000,1,18,4,64,6.53,60,4,1,android,48,8,1,512,1080,2340
samsung,Samsung Galaxy S21 Plus,59450,565,88,TRUE,TRUE,FALSE,exynos,8,2.9,4800,1,25,8,128,6.7,120,3,1,android,64,10,0,,1080,2400
poco,POCO M2 Pro,12799,122,76,FALSE,FALSE,TRUE,snapdragon,8,2.3,5000,1,33,4,64,6.67,60,4,1,android,48,16,1,512,1080,2400
samsung,Samsung Galaxy S20 Plus,83000,789,88,FALSE,TRUE,FALSE,exynos,8,2.73,4500,1,25,8,128,6.7,120,4,1,android,64,10,1,1024,1440,3200
realme,Realme 6 Pro,14490,138,80,FALSE,FALSE,FALSE,snapdragon,8,2.3,4300,1,30,6,64,6.6,90,4,2,android,64,16,1,256,1080,2400
huawei,Huawei P40 Pro,82990,788,,TRUE,TRUE,FALSE,kirin,8,2.86,4200,1,40,8,256,6.58,90,4,2,android,50,32,1,256,1200,2640
vivo,Vivo Y11 (2019),9490,90,64,FALSE,FALSE,FALSE,snapdragon,8,2,5000,0,,3,32,6.35,60,2,1,android,13,8,1,256,720,1544
vivo,Vivo V15 Pro (8GB RAM +128GB),25000,238,78,FALSE,FALSE,FALSE,snapdragon,8,2,3700,1,,8,128,6.39,60,3,1,android,48,32,1,256,1080,2316
vivo,Vivo Y95,15000,143,65,FALSE,FALSE,FALSE,snapdragon,8,1.95,4030,0,,4,64,6.22,60,2,1,android,13,20,1,256,1520,720
vivo,Vivo V11i,20990,199,70,FALSE,FALSE,FALSE,helio,8,2,3315,0,,4,128,6.3,60,2,1,android,16,25,1,256,1080,2280
samsung,Samsung Galaxy S9 Plus (128GB),34999,332,78,FALSE,TRUE,FALSE,exynos,8,2.8,3500,1,,6,128,6.2,60,2,1,android,12,8,1,512,1440,2960
realme,Realme GT Neo 4T,29999,285,80,TRUE,FALSE,FALSE,snapdragon,8,3,5000,1,120,8,128,6.73,144,3,1,android,50,16,0,,1080,2400
vivo,Vivo Y53t,11999,114,67,TRUE,FALSE,FALSE,dimensity,8,2,6000,1,15,4,128,6.51,60,2,1,android,13,5,0,,720,1600
samsung,Samsung Galaxy A04 (4GB RAM + 128GB),12999,123,72,FALSE,FALSE,FALSE,helio,8,2.3,5000,1,,4,128,6.5,60,2,1,android,50,5,1,1024,720,1600
leitz,Leitz Phone 2,124990,1187,89,TRUE,TRUE,FALSE,snapdragon,8,3,5000,1,,12,256,6.6,240,2,1,android,47.2,12.6,1,1024,1260,2730
xiaomi,Xiaomi Redmi K60i,28999,275,85,TRUE,FALSE,TRUE,dimensity,8,3.1,5080,1,120,8,128,6.67,120,3,1,android,50,32,0,,1080,2460
infinix,Infinix Hot 20S,12999,123,77,FALSE,FALSE,FALSE,helio,8,2.05,5000,1,18,8,128,6.78,60,2,1,android,50,8,1,,1080,2460
realme,Realme GT Neo 3T (8GB RAM + 256GB),28499,271,82,TRUE,FALSE,FALSE,snapdragon,8,3.2,5000,1,80,8,256,6.62,120,3,1,android,64,16,0,,1080,2400
apple,Apple iPhone 14 Plus (512GB),104999,997,83,TRUE,TRUE,FALSE,bionic,6,3.22,4325,1,,6,512,6.7,60,2,1,ios,12,12,0,,1284,2778
apple,Apple iPhone 14 Pro (1TB),172999,1643,77,TRUE,TRUE,FALSE,bionic,6,,3200,1,,6,1024,6.1,120,3,1,ios,48,12,0,,1179,2556
xiaomi,Xiaomi Redmi 13 Prime 5G,17990,171,79,TRUE,FALSE,TRUE,snapdragon,8,2,5100,1,18,6,128,6.73,120,2,1,android,64,16,1,1024,1080,2408
xiaomi,Xiaomi Redmi 11 Prime (6GB RAM + 128GB),13774,131,76,FALSE,FALSE,TRUE,helio,8,2.2,5000,1,18,6,128,6.58,90,3,1,android,50,8,1,512,1080,2400
nokia,Nokia C21 Plus (4GB RAM + 64GB),8999,85,64,FALSE,FALSE,FALSE,unisoc,8,1.6,5050,0,,4,64,6.52,60,2,1,android,13,5,1,,720,1600
oneplus,OnePlus Nord N300,18990,180,75,TRUE,TRUE,FALSE,dimensity,8,2.4,5000,1,33,4,64,6.56,90,2,1,android,48,16,1,,720,1612
tecno,Tecno Camon 19 Neo,14999,142,77,FALSE,TRUE,FALSE,helio,8,2,5000,1,18,6,128,6.8,90,3,1,android,48,32,0,,1080,2400
realme,Realme Narzo 50i Prime,7999,76,61,FALSE,FALSE,FALSE,tiger,8,1.82,5000,1,10,3,32,6.5,60,1,1,android,8,5,1,1024,720,1600
xiaomi,Xiaomi Redmi K50 Ultra 5G,39999,380,85,TRUE,TRUE,TRUE,snapdragon,8,3.2,5000,1,120,8,128,6.67,144,3,1,android,108,20,0,,1220,2712
oppo,OPPO A57 4G,11990,114,67,FALSE,FALSE,FALSE,helio,8,2.3,5000,1,33,3,64,6.56,60,2,1,android,13,8,1,,720,1612
infinix,Infinix Note 12 (6GB RAM + 128GB),12999,123,77,FALSE,FALSE,FALSE,helio,8,2,5000,1,33,6,128,6.7,60,3,1,android,50,16,1,512,2400,1080
samsung,Samsung Galaxy S23 FE 5G,54999,522,77,TRUE,TRUE,FALSE,,8,,4500,1,,8,128,6.5,60,4,1,android,64,32,0,,1080,2400
samsung,Samsung Galaxy M51s 5G,24990,237,72,TRUE,FALSE,FALSE,,8,,6000,1,,6,128,6.7,60,3,1,android,64,32,1,1024,1080,2400
vivo,Vivo X80 5G (12GB RAM + 256GB),59999,570,88,TRUE,FALSE,FALSE,dimensity,8,3.05,4500,1,80,12,256,6.78,120,3,1,android,50,32,0,,1080,2400
poco,Poco X6 Pro 5G,19999,190,72,TRUE,FALSE,FALSE,snapdragon,8,,5000,1,,6,128,6.67,120,4,1,android,64,32,1,1024,1080,2400
infinix,Infinix Note 12 (G96),16999,161,79,FALSE,FALSE,FALSE,helio,8,2.05,5000,1,33,8,128,6.7,60,3,1,android,50,16,1,,1080,2400
samsung,Samsung Galaxy M14,14999,142,60,FALSE,FALSE,FALSE,exynos,8,,6000,0,,4,64,6.5,60,3,1,android,48,8,1,512,720,1600
vivo,Vivo T2 Pro 5G,29990,285,76,TRUE,FALSE,FALSE,snapdragon,8,,4500,1,67,8,128,6.44,90,3,1,android,50,16,1,1024,1080,2408
xiaomi,Xiaomi Redmi 10 Prime Plus 5G,13990,133,69,TRUE,FALSE,TRUE,dimensity,8,2.2,5000,1,18,4,128,6.58,90,2,1,android,50,5,0,,1080,2408
xiaomi,Xiaomi Redmi Note 11 Pro 4G,17999,171,81,FALSE,FALSE,TRUE,helio,8,2.05,5000,1,67,6,128,6.67,120,4,1,android,108,16,1,1024,1080,2400
realme,Realme Narzo 50A Prime,11399,108,73,FALSE,FALSE,FALSE,tiger,8,1.82,5000,1,18,4,64,6.6,60,3,1,android,50,8,1,1024,1080,2408
vivo,Vivo Y55s 5G,19990,190,79,TRUE,FALSE,FALSE,dimensity,8,2.2,6000,1,18,8,128,6.58,60,2,1,android,50,8,0,,1080,2408
vivo,Vivo Y21T,15499,147,74,FALSE,FALSE,FALSE,snapdragon,8,2.4,5000,1,18,4,128,6.51,90,3,1,android,50,8,1,1024,1600,720
gionee,Gionee K10,6999,66,,FALSE,FALSE,FALSE,tiger,4,2,4800,0,,3,32,6.8,60,1,1,android,13,5,1,,720,1600
xiaomi,Xiaomi Redmi Note 10 Lite (4GB RAM + 128GB),12499,119,77,FALSE,FALSE,TRUE,snapdragon,8,2.3,5020,1,18,4,128,6.67,60,4,1,android,48,16,1,512,1080,2400
apple,Apple iPhone 13 (512GB),91999,874,80,TRUE,TRUE,FALSE,bionic,6,3.22,3240,1,,4,512,6.1,60,2,1,ios,12,12,0,,1170,2532
infinix,Infinix Hot 11S,9690,92,71,FALSE,FALSE,FALSE,helio,8,2,5000,0,,4,64,6.78,90,3,1,android,50,8,1,256,1080,2480
realme,Realme GT Explorer Master Edition,32990,313,85,TRUE,TRUE,FALSE,snapdragon,8,3.2,4500,1,65,8,128,6.55,120,3,1,android,50,32,0,,1080,2400
xiaomi,Xiaomi Mi 12 5G,42990,408,87,TRUE,TRUE,TRUE,snapdragon,8,3,4500,1,67,8,128,6.28,120,3,1,android,50,32,0,,1080,2400
cat,CAT S22 Flip,14999,142,,FALSE,FALSE,FALSE,snapdragon,4,1.3,2000,0,,2,16,4,60,1,1,,5,2,0,,480,640
xiaomi,Xiaomi Mi 11 Lite (8GB RAM + 128GB),18699,178,82,FALSE,FALSE,TRUE,snapdragon,8,2.3,4250,1,33,8,128,6.55,90,3,1,android,64,16,1,512,1080,2400
realme,Realme Q3i 5G,10990,104,76,TRUE,FALSE,FALSE,dimensity,8,2.2,5000,1,18,4,128,6.5,60,3,1,android,48,16,1,,1080,2400
xiaomi,Xiaomi Mi 11X Pro,30990,294,85,TRUE,FALSE,TRUE,snapdragon,8,2.84,4520,1,33,8,128,6.67,120,3,1,android,108,20,0,,1080,2400
lenovo,Lenovo Legion Pro 2,59999,570,89,TRUE,TRUE,FALSE,snapdragon,8,2.84,5000,1,120,16,512,6.5,144,2,1,android,64,20,0,,1080,2400
samsung,Samsung Galaxy M62,23999,228,83,FALSE,TRUE,FALSE,exynos,8,2.73,7000,1,,6,128,6.71,60,4,1,android,64,32,1,1024,1080,2400
realme,Realme Q2i,9999,95,69,TRUE,FALSE,FALSE,dimensity,8,2,5000,1,18,4,128,6.5,60,3,1,android,13,8,0,,720,1600
apple,Apple iPhone 12 Pro (256GB),119900,1139,80,TRUE,TRUE,FALSE,bionic,6,3.1,,0,,6,256,6.1,60,3,1,ios,12,12,0,,1170,2532
xiaomi,Xiaomi Redmi 9i (4GB RAM + 128GB),9299,88,67,FALSE,FALSE,FALSE,helio,8,2,5000,1,10,4,128,6.53,60,1,1,android,13,5,1,512,720,1600
realme,Realme 6 (6GB RAM + 64GB),12989,123,77,FALSE,FALSE,FALSE,helio,8,2.05,4300,1,30,6,64,6.5,90,4,1,android,64,16,1,256,1080,2400
samsung,Samsung Galaxy A01 Core,4999,47,,FALSE,FALSE,FALSE,mediatek,4,1.5,3000,0,,1,16,5.3,60,1,1,android,8,5,1,,720,1480
oppo,Oppo Reno 5,29990,285,83,TRUE,FALSE,FALSE,snapdragon,8,2.4,4300,1,65,8,128,6.43,60,4,1,android,64,32,0,,1080,2400
oppo,Oppo A31 2020 (6GB RAM + 128GB),12490,119,72,FALSE,FALSE,FALSE,helio,8,2.3,4230,0,,6,128,6.5,60,3,1,android,12,8,1,256,720,1600
sony,Sony Xperia 10 II,27999,266,75,FALSE,TRUE,FALSE,snapdragon,8,2,3600,1,18,4,128,6,90,3,1,android,12,8,1,,1080,2520
vivo,Vivo Y91c,8199,78,,FALSE,FALSE,FALSE,helio,8,2,4030,0,,2,32,6.22,60,1,1,android,13,5,1,256,720,1520
huawei,Huawei Nova 7i,21990,209,81,FALSE,FALSE,FALSE,kirin,8,2.2,4200,1,40,8,128,6.4,60,4,1,android,48,16,1,256,1080,2340
vivo,Vivo Y19,20000,190,73,FALSE,FALSE,FALSE,helio,8,2,5000,1,18,4,128,6.53,60,3,1,android,16,16,1,256,1080,2340
vivo,Vivo U3 (6GB RAM + 64GB),11990,114,74,FALSE,FALSE,FALSE,snapdragon,8,2,5000,1,18,6,64,6.53,60,3,1,android,16,16,1,256,1080,2340
xiaomi,Xiaomi Redmi Note 9,11989,114,75,FALSE,FALSE,TRUE,helio,8,2,5020,1,22,4,64,6.53,60,4,1,android,48,13,1,512,1080,2340
xiaomi,Xiaomi Redmi 8 (4GB RAM + 64GB),11490,109,66,FALSE,FALSE,TRUE,snapdragon,8,2,5000,1,18,4,64,6.22,60,2,1,android,12,8,1,512,720,1520
motorola,Motorola One Macro,11490,109,68,FALSE,FALSE,FALSE,helio,8,2,4000,1,10,4,64,6.2,60,3,1,android,13,8,1,512,720,1520
google,Google Pixel 3a XL,15999,152,67,FALSE,TRUE,FALSE,snapdragon,8,2,3700,1,18,4,64,6,60,1,1,android,12.2,8,0,,1080,2160
samsung,Samsung Galaxy A40,17990,171,69,FALSE,FALSE,FALSE,exynos,8,2.2,3100,1,15,4,64,5.9,60,2,1,android,16,25,1,512,1080,2340
samsung,Samsung Galaxy S10 5G,78990,750,86,TRUE,TRUE,FALSE,exynos,8,2.7,4500,1,25,8,256,6.7,60,3,1,android,16,10,1,512,1440,3040
huawei,Huawei Honor 9N,10949,104,66,FALSE,FALSE,FALSE,kirin,8,2.36,3000,0,,4,64,5.84,60,2,1,android,13,16,1,256,1080,2280
xiaomi,Xiaomi Redmi Note 4,10300,98,65,FALSE,FALSE,FALSE,snapdragon,8,2,4100,0,,4,64,5.5,60,1,1,android,13,5,1,128,1080,1920
doogee,Doogee V Max,45999,437,88,TRUE,FALSE,FALSE,dimensity,8,2.6,22000,1,33,12,256,6.58,120,3,1,android,108,32,1,2048,1080,2408
huawei,Huawei Nova Y61,21990,209,63,FALSE,FALSE,FALSE,,8,,5000,1,22,4,64,6.52,60,3,1,other,50,5,1,,720,1600
iqoo,iQOO Z9,19990,190,76,TRUE,FALSE,FALSE,snapdragon,8,,5000,1,45,8,128,6.67,120,3,1,android,64,16,1,1024,1080,2412
vivo,Vivo V29,32990,313,84,TRUE,FALSE,FALSE,snapdragon,8,2.4,5000,1,80,8,256,6.67,120,3,1,android,64,32,1,,1080,2400
poco,Poco M5 (6GB RAM + 128GB),14499,138,77,FALSE,FALSE,TRUE,helio,8,2.2,5000,1,18,6,128,6.58,90,3,1,android,50,8,1,512,1080,2400
nokia,Nokia X30,41990,399,85,TRUE,TRUE,FALSE,snapdragon,8,2.2,4200,1,33,6,128,6.43,90,2,1,android,50,16,1,1024,1080,2400
tecno,Tecno Pova Neo 2,13990,133,67,FALSE,FALSE,FALSE,helio,8,2,7000,0,,6,128,6.82,90,2,1,android,16,8,1,512,720,1600
vivo,Vivo Y15C (3GB RAM + 64GB),10490,100,67,FALSE,FALSE,FALSE,helio,8,2.3,5000,0,,3,64,6.51,60,2,1,android,13,8,1,1024,720,1600
huawei,Huawei Nova 10,29990,285,82,FALSE,FALSE,FALSE,snapdragon,8,2.4,4000,1,66,8,128,6.67,120,3,1,other,50,60,0,,1080,2400
huawei,Huawei Nova Y90,22990,218,82,FALSE,TRUE,FALSE,snapdragon,8,2.4,5000,1,40,8,128,6.7,90,4,1,other,50,8,1,,1080,2388
samsung,Samsung Galaxy A92 5G,47990,456,80,TRUE,FALSE,FALSE,dimensity,8,3,5000,1,,8,128,6.7,60,3,1,android,48,16,0,,1080,2400
infinix,Infinix Note 12 VIP,19999,190,84,FALSE,FALSE,FALSE,helio,8,2.05,4500,1,120,8,128,6.7,120,3,1,android,108,16,1,256,1080,2400
oneplus,OnePlus Nord 4 5G,29999,285,83,TRUE,TRUE,FALSE,snapdragon,8,2.36,4500,1,80,8,128,6.43,120,3,1,android,50,32,0,,1080,2412
realme,Realme Narzo 50A Prime (4GB RAM + 128GB),11879,113,74,FALSE,FALSE,FALSE,tiger,8,1.82,5000,1,18,4,128,6.6,60,3,1,android,50,8,1,1024,1080,2408
oneplus,OnePlus Ace 5G,28990,275,84,TRUE,TRUE,FALSE,dimensity,8,2.85,4500,1,150,8,128,6.7,120,3,1,android,50,16,0,,1080,2412
iqoo,iQOO 9 5G (12GB RAM + 256GB),39990,380,85,TRUE,FALSE,FALSE,snapdragon,8,2.9,4350,1,120,12,256,6.56,120,3,1,android,48,16,0,,1080,2376
xiaomi,Xiaomi Redmi Note 12T 5G,15999,152,78,TRUE,FALSE,TRUE,dimensity,8,2,5000,1,33,6,64,6.52,90,3,1,android,64,16,1,512,1080,2400
oppo,Oppo A96 5G,22990,218,82,TRUE,FALSE,FALSE,snapdragon,8,2.2,4500,1,33,8,256,6.43,60,2,1,android,48,16,1,,1080,2400
royole,Royole FlexPai 3 5G,149999,1425,87,TRUE,FALSE,FALSE,snapdragon,8,2.84,3360,0,,8,128,7.2,60,3,1,,64,32,0,,1440,1920
tecno,Tecno Camon 18,11499,109,75,FALSE,TRUE,FALSE,helio,8,2,5000,1,18,4,128,6.8,90,3,1,android,48,16,0,,1080,2460
tecno,Tecno Phantom X Pro,22999,218,84,FALSE,FALSE,FALSE,helio,8,2.05,5000,1,44,8,256,6.7,120,4,2,android,50,48,0,,1080,2400
tecno,Tecno Spark 8T,7999,76,70,FALSE,FALSE,FALSE,helio,8,2.3,5000,0,,4,64,6.6,60,2,1,android,50,8,1,,720,1600
realme,Realme GT Neo2 5G,31999,304,82,TRUE,TRUE,FALSE,snapdragon,8,3.2,5000,1,65,8,128,6.62,120,3,1,android,64,16,0,,2400,1080
sony,Sony Xperia 10 III Lite 5G,30990,294,78,TRUE,TRUE,FALSE,snapdragon,8,2,4500,1,30,6,64,6,60,3,1,android,12,8,1,,1080,2520
realme,Realme G1,7999,76,64,FALSE,FALSE,FALSE,helio,8,2.3,6000,0,,3,32,6.52,60,3,1,android,13,5,1,256,720,1600
tecno,Tecno Pova 2,10999,104,74,FALSE,FALSE,FALSE,helio,8,2,7000,1,18,4,64,6.95,60,4,1,android,48,8,1,256,1080,2460
poco,Poco X4,14990,142,79,TRUE,FALSE,FALSE,dimensity,8,2.2,5000,1,67,6,128,6.67,120,3,1,android,50,16,1,1024,1080,2400
motorola,Motorola Moto G40 Fusion,14499,138,77,FALSE,FALSE,FALSE,snapdragon,8,2.3,6000,1,20,4,64,6.78,120,3,1,android,64,16,1,256,1080,2460
oneplus,OnePlus 9T,44999,427,86,TRUE,TRUE,FALSE,snapdragon,8,2.84,4500,1,65,8,128,6.55,120,4,1,android,108,16,0,,1080,2400
realme,Realme 8 (8GB RAM + 128GB),17999,171,83,FALSE,FALSE,FALSE,helio,8,2,5000,1,30,8,128,6.4,60,4,1,android,64,16,1,256,1080,2400
realme,Realme Narzo 30 Pro 5G (8GB RAM +128GB),19999,190,83,TRUE,FALSE,FALSE,dimensity,8,2.4,5000,1,30,8,128,6.5,120,3,1,android,48,16,1,256,1080,2400
itel,Itel A23 Pro,3999,38,,FALSE,FALSE,FALSE,spreadtrum,4,1.4,2400,0,,1,8,5,60,1,1,android,5,2,0,,854,480
samsung,Samsung Galaxy S21 Ultra 5G (12GB RAM + 128GB),101999,969,,TRUE,TRUE,FALSE,exynos,8,2.9,5000,1,25,12,128,6.8,120,4,1,android,108,40,0,,1440,3200
oppo,Oppo Reno 5 Pro 5G,38700,368,84,TRUE,FALSE,FALSE,dimensity,8,2.6,4350,1,65,8,128,6.53,90,4,1,android,64,32,0,,1080,2400
oneplus,OnePlus Nord SE,19999,190,73,FALSE,FALSE,FALSE,snapdragon,8,2,4500,1,65,4,64,6.3,60,4,1,android,48,13,1,256,1080,2400
samsung,Samsung Galaxy M12,10999,104,72,FALSE,FALSE,FALSE,exynos,8,2,6000,1,15,4,64,6.5,90,4,1,android,48,8,1,1024,720,1600
oneplus,OnePlus Nord N100,16990,161,68,FALSE,FALSE,FALSE,snapdragon,8,1.8,5000,1,18,4,64,6.52,90,3,1,android,13,8,1,256,720,1600
apple,Apple iPhone 12 Mini (256GB),55999,532,75,TRUE,TRUE,FALSE,bionic,6,3.1,,0,,4,256,5.4,60,2,1,ios,12,12,0,,1080,2340
apple,Apple iPhone 12 (256GB),67999,646,76,TRUE,TRUE,FALSE,bionic,6,3.1,,0,,4,256,6.1,60,2,1,ios,12,12,0,,1170,2532
oppo,OPPO A15,9999,95,66,FALSE,FALSE,FALSE,helio,8,2.3,4230,0,,3,32,6.52,60,3,1,android,13,5,1,256,720,1600
xiaomi,Xiaomi Redmi Note 9 Pro (4GB RAM + 128GB),14439,137,77,FALSE,FALSE,TRUE,snapdragon,8,2.3,5020,1,18,4,128,6.67,60,4,1,android,48,16,1,512,1080,2400
oppo,Oppo A12,9990,95,64,FALSE,FALSE,FALSE,helio,8,1.8,4230,0,,3,32,6.22,60,2,1,android,13,5,1,256,1520,720
realme,Realme X50 Pro 5G (8GB RAM + 128GB),24999,237,85,TRUE,TRUE,FALSE,snapdragon,8,2.84,4200,1,65,8,128,6.44,90,4,2,android,64,32,0,,1080,2400
samsung,Samsung Galaxy S20 Plus 5G,85990,817,,TRUE,TRUE,FALSE,exynos,8,2.73,4500,1,25,8,128,6.7,60,4,1,android,64,10,1,1024,1440,3200
xiaomi,Xiaomi Redmi K20 Pro Signature Edition,480000,4560,88,FALSE,TRUE,FALSE,snapdragon,8,2.8,4000,1,27,8,256,6.39,60,3,1,android,48,20,0,,1080,2340
xiaomi,Xiaomi Redmi Note 8 Pro,16999,161,78,FALSE,FALSE,TRUE,helio,8,2.05,4500,1,18,6,64,6.53,60,4,1,android,64,20,1,512,1080,2340
realme,Realme A1,8999,85,,FALSE,FALSE,FALSE,helio,8,2.1,4000,0,,2,16,6.2,60,2,1,android,13,8,1,256,720,1520
oppo,OPPO A73,15990,152,62,FALSE,FALSE,FALSE,helio,8,2.5,3200,0,,3,32,6,60,1,1,android,13,16,1,,1080,2160
lyf,Lyf Earth 2,3890,37,,FALSE,FALSE,FALSE,snapdragon,8,1.5,2500,0,,3,32,5,60,1,1,android,13,13,1,64,1080,1920
apple,Apple iPhone 15 Plus,84990,807,75,TRUE,TRUE,FALSE,bionic,6,,4532,1,,8,128,6.71,120,2,1,ios,12,12,0,,1284,2778
vivo,Vivo Y55s 2023,21999,209,78,TRUE,TRUE,FALSE,dimensity,8,2.2,5000,1,18,4,128,6.58,60,3,1,android,50,8,1,,1080,2408
lava,Lava Blaze NXT,8999,85,66,FALSE,FALSE,FALSE,helio,8,2.3,5000,0,,4,64,6.5,60,3,1,android,13,8,1,256,720,1600
tecno,Tecno Camon 20 Premier,20999,199,79,TRUE,TRUE,FALSE,dimensity,8,2.2,5000,1,33,6,128,6.83,120,3,1,android,50,16,0,,1080,2460
oppo,OPPO Reno 8 House of Dragon Edition,32990,313,84,TRUE,TRUE,FALSE,dimensity,8,3,4500,1,80,8,128,6.43,90,3,1,android,50,32,0,,1080,2400
motorola,Motorola Moto E22s,9022,86,70,FALSE,FALSE,FALSE,helio,8,2.3,5000,1,10,4,64,6.5,90,2,1,android,16,8,1,,720,1600
xiaomi,Xiaomi Redmi A1 Plus (3GB RAM + 32GB),8399,80,61,FALSE,FALSE,FALSE,helio,4,2,5000,1,10,3,32,6.52,60,2,1,android,8,5,1,512,720,1600
infinix,Infinix Hot 20i,9999,95,64,FALSE,FALSE,FALSE,helio,8,2,5000,0,,3,64,6.6,60,2,1,android,13,8,1,,720,1612
tecno,Tecno Spark 9 (3GB RAM + 64GB),8390,80,63,FALSE,FALSE,FALSE,helio,8,2.3,5000,0,,3,64,6.6,90,2,1,android,13,8,1,256,720,1600
zte,ZTE Axon 30S,19999,190,82,TRUE,TRUE,FALSE,snapdragon,8,3.2,4200,1,55,6,128,6.9,120,4,1,android,50,16,1,,1080,2460
honor,Honor X6,13999,133,71,FALSE,FALSE,FALSE,helio,8,2,5000,1,10,4,64,6.5,60,3,1,android,50,5,1,,720,1600
xiaomi,Xiaomi Civi 2,29999,285,85,TRUE,TRUE,TRUE,snapdragon,8,2.4,4500,1,67,8,128,6.55,120,3,2,android,50,32,0,,1080,2400
tcl,TCL Ion X,8990,85,60,FALSE,FALSE,FALSE,helio,8,2,3000,1,10,3,32,6,60,1,1,android,13,5,1,,720,1440
samsung,Samsung Galaxy Z Fold 4 (12GB RAM + 1TB),163980,1558,,TRUE,TRUE,FALSE,snapdragon,8,3.2,4400,1,25,12,1024,7.6,120,3,2,android,50,10,0,,1812,2176
nothing,Nothing Phone 1 Lite,24990,237,80,TRUE,TRUE,FALSE,snapdragon,8,2.5,5000,1,33,6,128,6.55,120,2,1,android,50,16,0,,1080,2400
motorola,Motorola Moto Edge X30 Pro,59990,570,,TRUE,TRUE,FALSE,snapdragon,8,3.2,4450,1,125,8,128,6.67,144,3,1,android,200,60,0,,1080,2340
oneplus,OnePlus Ace Pro,47990,456,86,TRUE,TRUE,FALSE,snapdragon,8,3.2,4800,1,150,12,256,6.7,120,3,1,android,50,16,0,,1080,2412
realme,Realme GT 2 Explorer Master Edition,40990,389,86,TRUE,TRUE,FALSE,snapdragon,8,3.2,5000,1,100,8,128,6.7,120,3,1,android,50,16,0,,1080,2412
samsung,Samsung Galaxy M35,22999,218,74,FALSE,TRUE,FALSE,,8,,6000,1,,8,128,6.5,60,3,1,android,64,32,1,1024,1080,2400
samsung,Samsung Galaxy A05,12990,123,63,FALSE,FALSE,FALSE,,8,,5000,1,18,4,64,6.5,60,2,1,android,48,5,1,1024,720,1560
infinix,Infinix Note 12 Turbo,14999,142,79,FALSE,FALSE,FALSE,helio,8,2,5000,1,33,8,128,6.7,60,3,1,android,50,16,1,512,2400,1080
poco,POCO F5 GT 5G,42999,408,86,TRUE,TRUE,TRUE,dimensity,8,3,4500,1,150,8,128,6.67,120,3,1,android,64,20,0,,1080,2412
iqoo,iQOO Z8 5G,14999,142,78,TRUE,FALSE,FALSE,snapdragon,8,2.2,5000,1,18,4,128,6.58,120,3,1,android,50,16,1,1024,1080,2412
vivo,Vivo Y55 4G,22990,218,83,FALSE,FALSE,FALSE,snapdragon,8,2.4,5000,1,44,8,128,6.44,120,3,1,android,50,16,1,1024,1080,2400
vivo,Vivo X Fold 5G (12GB RAM + 512GB),118990,1130,,TRUE,TRUE,FALSE,snapdragon,8,3,4600,1,66,12,512,8.03,120,4,1,android,50,16,0,,1916,2160
oppo,Oppo K10 Pro 5G,29990,285,81,TRUE,FALSE,FALSE,snapdragon,8,2.84,5000,1,80,8,128,6.62,120,3,1,android,50,16,0,,1080,2400
tecno,Tecno Spark 8C,7399,70,62,FALSE,FALSE,FALSE,unisoc,8,2,5000,0,,3,64,6.6,90,2,1,android,13,8,1,256,720,1612
iqoo,iQOO Z7 5G,17999,171,80,TRUE,FALSE,FALSE,snapdragon,8,2.2,4200,1,55,8,128,6.67,120,3,1,android,50,16,0,,1080,2400
infinix,Infinix Note 11 (6GB RAM + 128GB),12799,122,77,FALSE,FALSE,FALSE,helio,8,2,5000,1,33,6,128,6.7,60,3,1,android,50,16,1,,1080,2400
xiaomi,Xiaomi 11i HyperCharge 5G (8GB RAM + 128GB),26999,256,86,TRUE,FALSE,TRUE,dimensity,8,2.5,4500,1,120,8,128,6.67,120,3,1,android,108,16,1,1024,2400,1080
samsung,Samsung Galaxy F42 5G (8GB RAM + 128GB),22999,218,82,TRUE,FALSE,FALSE,dimensity,8,2.2,5000,1,15,8,128,6.6,90,3,1,android,64,8,1,1024,1080,2408
apple,Apple iPhone 13 Pro (1TB),147900,1405,84,TRUE,TRUE,FALSE,bionic,6,3.22,3095,1,,6,1024,6.1,120,3,1,ios,12,12,0,,1170,2532
nubia,Nubia Red Magic 6S 5G,44999,427,84,TRUE,TRUE,FALSE,snapdragon,8,2.9,5050,1,30,8,128,6.8,165,3,1,android,64,8,0,,1080,2400
micromax,Micromax IN 2B (6GB RAM + 64GB),7790,74,68,FALSE,FALSE,FALSE,unisoc,8,1.8,5000,0,,6,64,6.52,60,2,1,android,13,5,1,256,720,1600
nokia,Nokia X60 5G,39990,380,87,TRUE,FALSE,FALSE,snapdragon,8,3.2,6000,1,33,6,128,6.51,144,4,1,other,200,16,1,,1080,2400
vivo,Vivo Y12a,9999,95,65,FALSE,FALSE,FALSE,snapdragon,8,2,5000,0,,3,32,6.51,60,2,1,android,13,8,1,,720,1600
oppo,Oppo Reno 5A,22990,218,80,TRUE,FALSE,FALSE,snapdragon,8,2.4,4000,1,18,6,128,6.5,90,4,1,android,64,16,1,1024,1080,2400
poco,Poco F3 GT,32999,313,79,TRUE,FALSE,TRUE,dimensity,8,3,5065,1,67,6,128,6.67,120,3,1,android,64,16,0,,1080,2400
honor,Honor 50,32990,313,85,TRUE,TRUE,FALSE,snapdragon,8,2.4,4300,1,66,6,128,6.57,120,4,1,android,108,32,0,,1080,2340
oppo,OPPO A54 (6GB RAM + 128GB),14999,142,74,FALSE,FALSE,FALSE,helio,8,2.3,5000,1,,6,128,6.51,60,3,1,android,13,16,1,256,1600,720
realme,Realme 8i,12499,119,74,FALSE,FALSE,FALSE,helio,8,2.05,5000,1,18,4,64,6.6,120,3,1,android,50,16,1,256,1080,2412
iqoo,iQOO 7 Legend,39990,380,84,TRUE,TRUE,FALSE,snapdragon,8,2.84,4000,1,66,8,128,6.62,120,3,1,android,48,16,0,,1080,2400
realme,Realme C11 2021,6499,62,61,FALSE,FALSE,FALSE,sc9863a,8,1.6,5000,0,,2,32,6.52,60,1,1,android,8,5,1,,720,1600
samsung,Samsung Galaxy A22,18499,176,76,FALSE,FALSE,FALSE,helio,8,2,5000,1,15,6,128,6.4,60,4,1,android,48,13,1,1024,720,1600
realme,Realme GT 5G,30994,294,85,TRUE,TRUE,FALSE,snapdragon,8,2.84,4500,1,65,8,128,6.43,120,3,1,android,64,16,0,,1080,2400
google,Google Pixel 5A,32999,313,78,TRUE,TRUE,FALSE,snapdragon,8,2.4,4620,1,18,6,128,6.34,60,2,1,android,16,8,0,,1080,2400
samsung,Samsung Galaxy F12,10499,100,73,FALSE,FALSE,FALSE,exynos,8,2,6000,1,15,4,64,6.5,90,4,1,android,48,8,1,512,720,1600
samsung,Samsung Galaxy F41 (6GB RAM + 128GB),19999,190,82,FALSE,FALSE,FALSE,exynos,8,2.3,6000,1,15,6,128,6.4,60,3,1,android,64,32,1,512,1080,2340
samsung,Samsung Galaxy A21s (6GB RAM + 128GB),17499,166,75,FALSE,FALSE,FALSE,exynos,8,2,5000,0,,6,128,6.5,60,4,1,android,48,13,1,512,720,1600
xiaomi,Xiaomi Redmi 9A (6GB RAM + 128GB),10990,104,69,FALSE,FALSE,FALSE,helio,8,2,5000,0,,6,128,6.53,60,1,1,android,13,5,1,512,720,1600
vivo,Vivo V20 SE,19000,181,82,FALSE,FALSE,FALSE,snapdragon,8,2,4100,1,33,8,128,6.44,60,3,1,android,48,32,1,,1080,2400
oppo,OPPO A53 2020 (6GB RAM + 128GB),13990,133,70,FALSE,FALSE,FALSE,snapdragon,8,1.8,5000,1,18,6,128,6.5,90,3,1,android,13,16,1,256,1600,720
realme,Realme Narzo 20,10499,100,72,FALSE,FALSE,FALSE,helio,8,2,6000,1,18,4,64,6.5,60,3,1,android,48,8,1,256,720,1600
itel,itel Vision 1 (3GB RAM + 32GB),5890,56,,FALSE,FALSE,FALSE,unisoc,8,1.6,4000,0,,3,32,6.09,60,2,1,android,8,5,1,128,1520,720
realme,Realme C11,6490,62,61,FALSE,FALSE,FALSE,helio,8,2.3,5000,0,,2,32,6.5,60,2,1,android,13,5,1,256,720,1600
xiaomi,Xiaomi Mi 10 5G (8GB RAM + 256GB),54999,522,88,TRUE,TRUE,TRUE,snapdragon,8,2.84,4780,1,30,8,256,6.67,90,4,1,android,108,20,0,,1080,2340
vivo,Vivo Y21 (2020),9990,95,65,FALSE,FALSE,FALSE,snapdragon,8,1.8,5000,0,,4,64,6.5,60,2,1,android,13,13,1,256,720,1544
oneplus,OnePlus Z,24999,237,79,FALSE,FALSE,FALSE,snapdragon,8,2.4,4300,1,30,8,128,6.55,90,3,1,android,64,16,0,,1080,2400
sharp,Sharp Aquos R5G,59990,570,88,FALSE,TRUE,FALSE,snapdragon,8,2.84,3730,1,,12,256,6.5,60,3,1,android,48,16,1,1024,1440,3168
huawei,Huawei Mate 30 RS Porsche Design,214990,2042,,TRUE,TRUE,TRUE,kirin,8,2.86,4500,1,,12,512,6.53,60,4,2,android,40,32,1,256,1176,2400
samsung,Samsung Galaxy A11,9990,95,63,FALSE,FALSE,FALSE,,8,1.8,4000,1,15,2,32,6.4,60,3,1,android,13,8,1,512,720,1560
realme,Realme C2,6999,66,,FALSE,FALSE,FALSE,helio,8,2,4000,0,,2,16,6.1,60,2,1,android,13,5,1,256,1560,720
huawei,Huawei Mate X,169000,1606,,TRUE,TRUE,TRUE,kirin,8,2.86,4500,1,55,8,512,8,60,4,,,48,,0,,2200,2480
samsung,Samsung Galaxy A9 Pro (2019),39990,380,78,FALSE,TRUE,FALSE,snapdragon,8,2.2,3400,1,,6,128,6.4,60,3,1,android,24,24,1,512,1080,2340
samsung,Samsung Galaxy A7 (2018),21490,204,70,FALSE,FALSE,FALSE,exynos,8,2.2,3300,0,,4,64,6,60,3,1,android,24,24,1,512,2220,1080
vivo,Vivo Y55S,13490,128,,FALSE,FALSE,FALSE,snapdragon,4,1.2,2730,0,,3,16,5.2,60,1,1,android,13,5,1,,720,1280
poco,Poco C55,7999,76,70,FALSE,FALSE,FALSE,helio,8,2,5000,0,,4,64,6.71,60,2,1,android,50,5,1,512,720,1650
blackview,Blackview BV5200 Pro,8990,85,67,TRUE,TRUE,FALSE,helio,8,2.3,5180,1,10,4,64,6.1,60,2,1,android,13,8,1,,720,1560
honor,Honor X7a,13999,133,75,FALSE,FALSE,FALSE,helio,8,2.3,5000,1,22,6,128,6.75,90,4,1,android,50,8,1,,720,1600
oppo,OPPO A58x,13990,133,72,TRUE,FALSE,FALSE,dimensity,8,2.2,5000,1,10,6,128,6.56,90,2,1,android,13,8,1,1024,720,1612
doogee,Doogee S99,14999,142,84,FALSE,TRUE,FALSE,helio,8,2.05,6000,1,33,8,128,6.3,60,3,1,android,108,32,1,1024,1080,2340
lava,Lava X3,6999,66,,FALSE,FALSE,FALSE,helio,4,2,4000,0,,3,32,6.5,60,2,1,android,8,5,1,512,1600,720
motorola,Motorola Edge 40 Fusion,42990,408,87,TRUE,TRUE,FALSE,snapdragon,8,3.2,4500,1,68,8,128,6.67,144,3,1,android,50,32,0,,1080,2400
ikall,iKall Z18,6799,65,61,FALSE,FALSE,FALSE,,4,1.3,5000,0,,4,64,6.82,60,1,1,android,20,13,1,64,720,1560
oukitel,Oukitel WP9,25899,246,72,FALSE,TRUE,FALSE,helio,8,2,8000,0,,6,128,5.86,60,3,1,android,16,8,1,,720,1520
xiaomi,Xiaomi 14,54999,522,89,TRUE,TRUE,TRUE,snapdragon,8,3.2,5000,1,67,12,256,6.43,120,3,1,android,50,32,0,,1440,3200
motorola,Motorola ThinkPhone,49990,475,89,TRUE,TRUE,FALSE,snapdragon,8,3.2,5000,1,68,8,128,6.6,144,3,2,android,50,32,0,,1080,2400
xiaomi,Xiaomi Civi 3,32990,313,86,TRUE,TRUE,TRUE,dimensity,8,3.1,5000,1,80,8,256,6.7,120,3,2,android,64,32,0,,1080,2400
realme,Realme Narzo 50i Prime (4GB RAM + 64GB),8720,83,64,FALSE,FALSE,FALSE,tiger,8,1.82,5000,1,10,4,64,6.5,60,1,1,android,8,5,1,1024,720,1600
oppo,Oppo Find X6,69990,665,89,TRUE,TRUE,FALSE,snapdragon,8,3.2,4700,1,120,8,256,6.73,120,3,1,android,50,32,0,,1080,2400
itel,itel A23s,4787,45,,FALSE,FALSE,FALSE,spreadtrum,4,1.4,3020,0,,2,32,5,60,1,,android,2,,0,,854,480
google,Google Pixel 8 Pro,70990,674,80,TRUE,TRUE,FALSE,google,8,,5000,1,67,12,256,6.73,120,3,1,android,50,12,0,,1440,3120
vivo,Vivo X Fold 2,119990,1140,,TRUE,TRUE,FALSE,snapdragon,8,3.2,4800,1,66,12,256,8.03,120,3,1,android,50,32,0,,1916,2160
motorola,Motorola Moto Edge S30 Pro,34990,332,83,TRUE,FALSE,FALSE,snapdragon,8,3,5000,1,68,8,128,6.67,120,3,1,android,64,16,0,,1080,2460
honor,Honor X8 5G,14990,142,75,TRUE,FALSE,FALSE,snapdragon,8,2.2,5000,1,22,6,128,6.5,60,3,1,android,48,8,1,1024,720,1600
poco,POCO X4 GT 5G (8GB RAM + 256GB),28990,275,85,TRUE,TRUE,TRUE,dimensity,8,2.85,5080,1,67,8,256,6.6,144,3,1,android,64,16,0,,1080,2460
motorola,Motorola Moto G91 5G,19990,190,80,TRUE,TRUE,FALSE,snapdragon,8,2.2,5000,1,,6,128,6.8,60,3,1,android,108,32,1,1024,1080,2400
samsung,Samsung Galaxy M52s 5G,24990,237,74,TRUE,FALSE,FALSE,,8,,5000,1,,8,128,6.5,60,3,1,android,64,32,1,1024,1080,2400
